seed	mode	target	backbone_distance_copy_a	backbone_distance_copy_b	true_share_copy_a	hat_share_copy_a	abs_share_error	pi_true_copy_a	pi_true_copy_b	pi_hat_copy_a	pi_hat_copy_b	alpha_hat_copy_a_target	alpha_hat_copy_b_target
0	cadet_pi_on	10	10	10	0.7761194029850746	0.7357034336068063	0.0404159693782683	1.6	0.4	1.471406867213613	0.5285931327863872	0.9537047401358196	0.9537047401358196
0	cadet_pi_on	30	10	10	0.7916666666666666	0.7357034336068065	0.055963233059860173	1.6	0.4	1.471406867213613	0.5285931327863872	0.9463992474387211	0.9463992474387208
0	cadet_pi_off	10	10	10	0.7761194029850746	0.5	0.27611940298507465	1.6	0.4	1.0	1.0	0.9535076449307032	0.9535076449307032
0	cadet_pi_off	30	10	10	0.7916666666666666	0.5	0.29166666666666663	1.6	0.4	1.0	1.0	0.9462036620065153	0.9462036620065153
0	naive	10	10	10	0.7761194029850746	0.5	0.27611940298507465	1.6	0.4	1.0	1.0	1.0	1.0
0	naive	30	10	10	0.7916666666666666	0.5	0.29166666666666663	1.6	0.4	1.0	1.0	1.0	1.0
1	cadet_pi_on	10	10	10	0.8218623481781376	0.7355807056829874	0.08628164249515025	1.6	0.4	1.4711614113659746	0.5288385886340252	0.9187987562492003	0.9187987562492003
1	cadet_pi_on	30	10	10	0.8421052631578947	0.7355807056829873	0.10652455747490741	1.6	0.4	1.4711614113659746	0.5288385886340252	0.9536305551771983	0.9536305551771985
1	cadet_pi_off	10	10	10	0.8218623481781376	0.5	0.32186234817813764	1.6	0.4	1.0	1.0	0.9186602442503398	0.9186602442503398
1	cadet_pi_off	30	10	10	0.8421052631578947	0.5	0.3421052631578947	1.6	0.4	1.0	1.0	0.9534867921676452	0.9534867921676452
1	naive	10	10	10	0.8218623481781376	0.5	0.32186234817813764	1.6	0.4	1.0	1.0	1.0	1.0
1	naive	30	10	10	0.8421052631578947	0.5	0.3421052631578947	1.6	0.4	1.0	1.0	1.0	1.0
2	cadet_pi_on	10	10	10	0.8296296296296296	0.7379630746953059	0.09166655493432374	1.6	0.4	1.475926149390612	0.5240738506093883	0.9594768261151667	0.9594768261151667
2	cadet_pi_on	30	10	10	0.8221343873517787	0.7379630746953059	0.08417131265647282	1.6	0.4	1.475926149390612	0.5240738506093883	0.9283597492217375	0.9283597492217373
2	cadet_pi_off	10	10	10	0.8296296296296296	0.5	0.3296296296296296	1.6	0.4	1.0	1.0	0.9593359591945017	0.9593359591945017
2	cadet_pi_off	30	10	10	0.8221343873517787	0.5	0.3221343873517787	1.6	0.4	1.0	1.0	0.9282234507978644	0.9282234507978644
2	naive	10	10	10	0.8296296296296296	0.5	0.3296296296296296	1.6	0.4	1.0	1.0	1.0	1.0
2	naive	30	10	10	0.8221343873517787	0.5	0.3221343873517787	1.6	0.4	1.0	1.0	1.0	1.0
3	cadet_pi_on	10	10	10	0.8086642599277978	0.7268325161915138	0.08183174373628399	1.6	0.4	1.4536650323830278	0.5463349676169723	0.9717184416950411	0.9717184416950413
3	cadet_pi_on	30	10	10	0.8178438661710037	0.7268325161915139	0.09101134997948979	1.6	0.4	1.4536650323830278	0.5463349676169723	0.95708371552674	0.95708371552674
3	cadet_pi_off	10	10	10	0.8086642599277978	0.5	0.3086642599277978	1.6	0.4	1.0	1.0	0.9716305980030145	0.9716305980030145
3	cadet_pi_off	30	10	10	0.8178438661710037	0.5	0.3178438661710037	1.6	0.4	1.0	1.0	0.9569971948191529	0.9569971948191529
3	naive	10	10	10	0.8086642599277978	0.5	0.3086642599277978	1.6	0.4	1.0	1.0	1.0	1.0
3	naive	30	10	10	0.8178438661710037	0.5	0.3178438661710037	1.6	0.4	1.0	1.0	1.0	1.0
4	cadet_pi_on	10	10	10	0.76953125	0.7353907962016071	0.03414045379839292	1.6	0.4	1.4707815924032142	0.5292184075967861	0.9328554701546908	0.9328554701546906
4	cadet_pi_on	30	10	10	0.803347280334728	0.7353907962016071	0.06795648413312094	1.6	0.4	1.4707815924032142	0.5292184075967861	0.9017715654902674	0.9017715654902673
4	cadet_pi_off	10	10	10	0.76953125	0.5	0.26953125	1.6	0.4	1.0	1.0	0.9326751940590283	0.9326751940590283
4	cadet_pi_off	30	10	10	0.803347280334728	0.5	0.303347280334728	1.6	0.4	1.0	1.0	0.9015972964183617	0.9015972964183617
4	naive	10	10	10	0.76953125	0.5	0.26953125	1.6	0.4	1.0	1.0	1.0	1.0
4	naive	30	10	10	0.803347280334728	0.5	0.303347280334728	1.6	0.4	1.0	1.0	1.0	1.0
5	cadet_pi_on	10	10	10	0.7964285714285714	0.7338229938084253	0.06260557762014607	1.6	0.4	1.467645987616851	0.5323540123831493	0.9774206663134987	0.9774206663134989
5	cadet_pi_on	30	10	10	0.774468085106383	0.7338229938084254	0.04064509129795757	1.6	0.4	1.467645987616851	0.5323540123831493	0.8950822871132944	0.8950822871132943
5	cadet_pi_off	10	10	10	0.7964285714285714	0.5	0.2964285714285714	1.6	0.4	1.0	1.0	0.9772421387645762	0.9772421387645762
5	cadet_pi_off	30	10	10	0.774468085106383	0.5	0.274468085106383	1.6	0.4	1.0	1.0	0.8949187988095274	0.8949187988095274
5	naive	10	10	10	0.7964285714285714	0.5	0.2964285714285714	1.6	0.4	1.0	1.0	1.0	1.0
5	naive	30	10	10	0.774468085106383	0.5	0.274468085106383	1.6	0.4	1.0	1.0	1.0	1.0
6	cadet_pi_on	10	10	10	0.7844827586206896	0.742032652569432	0.04245010605125765	1.6	0.4	1.4840653051388637	0.5159346948611362	0.8889716067157062	0.8889716067157062
6	cadet_pi_on	30	10	10	0.7755102040816326	0.7420326525694318	0.033477551512200776	1.6	0.4	1.4840653051388637	0.5159346948611362	0.9127416326373131	0.9127416326373132
6	cadet_pi_off	10	10	10	0.7844827586206896	0.5	0.2844827586206896	1.6	0.4	1.0	1.0	0.8888023764146245	0.8888023764146245
6	cadet_pi_off	30	10	10	0.7755102040816326	0.5	0.2755102040816326	1.6	0.4	1.0	1.0	0.9125678773225941	0.9125678773225941
6	naive	10	10	10	0.7844827586206896	0.5	0.2844827586206896	1.6	0.4	1.0	1.0	1.0	1.0
6	naive	30	10	10	0.7755102040816326	0.5	0.2755102040816326	1.6	0.4	1.0	1.0	1.0	1.0
7	cadet_pi_on	10	10	10	0.7916666666666666	0.7322796054646817	0.05938706120198489	1.6	0.4	1.4645592109293633	0.5354407890706365	0.9476586538435788	0.9476586538435786
7	cadet_pi_on	30	10	10	0.8473282442748091	0.7322796054646817	0.11504863881012739	1.6	0.4	1.4645592109293633	0.5354407890706365	0.9440010466583802	0.9440010466583802
7	cadet_pi_off	10	10	10	0.7916666666666666	0.5	0.29166666666666663	1.6	0.4	1.0	1.0	0.9475225036964613	0.9475225036964613
7	cadet_pi_off	30	10	10	0.8473282442748091	0.5	0.34732824427480913	1.6	0.4	1.0	1.0	0.9438654219997965	0.9438654219997965
7	naive	10	10	10	0.7916666666666666	0.5	0.29166666666666663	1.6	0.4	1.0	1.0	1.0	1.0
7	naive	30	10	10	0.8473282442748091	0.5	0.34732824427480913	1.6	0.4	1.0	1.0	1.0	1.0
8	cadet_pi_on	10	10	10	0.8148148148148148	0.7374576792859341	0.07735713552888068	1.6	0.4	1.4749153585718682	0.5250846414281317	0.9103123281697025	0.9103123281697028
8	cadet_pi_on	30	10	10	0.751937984496124	0.7374576792859341	0.014480305210189948	1.6	0.4	1.4749153585718682	0.5250846414281317	0.9377763183508951	0.9377763183508954
8	cadet_pi_off	10	10	10	0.8148148148148148	0.5	0.31481481481481477	1.6	0.4	1.0	1.0	0.9101445004924541	0.9101445004924541
8	cadet_pi_off	30	10	10	0.751937984496124	0.5	0.25193798449612403	1.6	0.4	1.0	1.0	0.9376034273371	0.9376034273371
8	naive	10	10	10	0.8148148148148148	0.5	0.31481481481481477	1.6	0.4	1.0	1.0	1.0	1.0
8	naive	30	10	10	0.751937984496124	0.5	0.25193798449612403	1.6	0.4	1.0	1.0	1.0	1.0
9	cadet_pi_on	10	10	10	0.7415730337078652	0.7320375496449633	0.009535484062901944	1.6	0.4	1.4640750992899265	0.5359249007100734	0.9541290282697097	0.9541290282697097
9	cadet_pi_on	30	10	10	0.7560975609756098	0.7320375496449633	0.024060011330646502	1.6	0.4	1.4640750992899265	0.5359249007100734	0.9907428588285665	0.9907428588285665
9	cadet_pi_off	10	10	10	0.7415730337078652	0.5	0.2415730337078652	1.6	0.4	1.0	1.0	0.9539598047934442	0.9539598047934442
9	cadet_pi_off	30	10	10	0.7560975609756098	0.5	0.25609756097560976	1.6	0.4	1.0	1.0	0.9905671415558616	0.9905671415558616
9	naive	10	10	10	0.7415730337078652	0.5	0.2415730337078652	1.6	0.4	1.0	1.0	1.0	1.0
9	naive	30	10	10	0.7560975609756098	0.5	0.25609756097560976	1.6	0.4	1.0	1.0	1.0	1.0
10	cadet_pi_on	10	10	10	0.7937743190661478	0.735811543559465	0.05796277550668283	1.6	0.4	1.47162308711893	0.5283769128810699	0.9378154355266615	0.9378154355266615
10	cadet_pi_on	30	10	10	0.8111111111111111	0.735811543559465	0.07529956755164613	1.6	0.4	1.47162308711893	0.5283769128810699	0.9616651177834606	0.9616651177834609
10	cadet_pi_off	10	10	10	0.7937743190661478	0.5	0.2937743190661478	1.6	0.4	1.0	1.0	0.9376565567483113	0.9376565567483113
10	cadet_pi_off	30	10	10	0.8111111111111111	0.5	0.3111111111111111	1.6	0.4	1.0	1.0	0.9615021985423102	0.9615021985423102
10	naive	10	10	10	0.7937743190661478	0.5	0.2937743190661478	1.6	0.4	1.0	1.0	1.0	1.0
10	naive	30	10	10	0.8111111111111111	0.5	0.3111111111111111	1.6	0.4	1.0	1.0	1.0	1.0
11	cadet_pi_on	10	10	10	0.7735849056603774	0.7391224075327713	0.034462498127606156	1.6	0.4	1.4782448150655425	0.5217551849344575	0.9528639609859464	0.9528639609859464
11	cadet_pi_on	30	10	10	0.8888888888888888	0.7391224075327713	0.1497664813561176	1.6	0.4	1.4782448150655425	0.5217551849344575	0.9290049691909487	0.9290049691909487
11	cadet_pi_off	10	10	10	0.7735849056603774	0.5	0.2735849056603774	1.6	0.4	1.0	1.0	0.95266339431586	0.95266339431586
11	cadet_pi_off	30	10	10	0.8888888888888888	0.5	0.38888888888888884	1.6	0.4	1.0	1.0	0.9288094245583534	0.9288094245583534
11	naive	10	10	10	0.7735849056603774	0.5	0.2735849056603774	1.6	0.4	1.0	1.0	1.0	1.0
11	naive	30	10	10	0.8888888888888888	0.5	0.38888888888888884	1.6	0.4	1.0	1.0	1.0	1.0
12	cadet_pi_on	10	10	10	0.8504273504273504	0.7308138469992063	0.11961350342814414	1.6	0.4	1.4616276939984123	0.5383723060015874	0.8960262840984945	0.8960262840984945
12	cadet_pi_on	30	10	10	0.7773279352226721	0.7308138469992063	0.04651408822346581	1.6	0.4	1.4616276939984123	0.5383723060015874	0.9198867895533852	0.9198867895533853
12	cadet_pi_off	10	10	10	0.8504273504273504	0.5	0.3504273504273504	1.6	0.4	1.0	1.0	0.8958830987339054	0.8958830987339054
12	cadet_pi_off	30	10	10	0.7773279352226721	0.5	0.2773279352226721	1.6	0.4	1.0	1.0	0.919739791270321	0.919739791270321
12	naive	10	10	10	0.8504273504273504	0.5	0.3504273504273504	1.6	0.4	1.0	1.0	1.0	1.0
12	naive	30	10	10	0.7773279352226721	0.5	0.2773279352226721	1.6	0.4	1.0	1.0	1.0	1.0
13	cadet_pi_on	10	10	10	0.7579365079365079	0.7289984331686151	0.028938074767892785	1.6	0.4	1.4579968663372305	0.5420031336627698	0.9251438247327437	0.9251438247327438
13	cadet_pi_on	30	10	10	0.7831325301204819	0.7289984331686151	0.05413409695186677	1.6	0.4	1.4579968663372305	0.5420031336627698	0.9196607873419101	0.9196607873419101
13	cadet_pi_off	10	10	10	0.7579365079365079	0.5	0.2579365079365079	1.6	0.4	1.0	1.0	0.9250239622542188	0.9250239622542188
13	cadet_pi_off	30	10	10	0.7831325301204819	0.5	0.2831325301204819	1.6	0.4	1.0	1.0	0.9195416352507153	0.9195416352507153
13	naive	10	10	10	0.7579365079365079	0.5	0.2579365079365079	1.6	0.4	1.0	1.0	1.0	1.0
13	naive	30	10	10	0.7831325301204819	0.5	0.2831325301204819	1.6	0.4	1.0	1.0	1.0	1.0
14	cadet_pi_on	10	10	10	0.779467680608365	0.7342024262176354	0.04526525439072959	1.6	0.4	1.4684048524352706	0.5315951475647293	0.9459520427334513	0.9459520427334509
14	cadet_pi_on	30	10	10	0.7992424242424242	0.7342024262176354	0.06503999802478877	1.6	0.4	1.4684048524352706	0.5315951475647293	0.9477810825905868	0.9477810825905866
14	cadet_pi_off	10	10	10	0.779467680608365	0.5	0.279467680608365	1.6	0.4	1.0	1.0	0.9457894266557964	0.9457894266557964
14	cadet_pi_off	30	10	10	0.7992424242424242	0.5	0.2992424242424242	1.6	0.4	1.0	1.0	0.9476181520875973	0.9476181520875973
14	naive	10	10	10	0.779467680608365	0.5	0.279467680608365	1.6	0.4	1.0	1.0	1.0	1.0
14	naive	30	10	10	0.7992424242424242	0.5	0.2992424242424242	1.6	0.4	1.0	1.0	1.0	1.0
15	cadet_pi_on	10	10	10	0.8178137651821862	0.742142166344294	0.0756715988378922	1.6	0.4	1.484284332688588	0.515715667311412	0.9174608298303865	0.9174608298303863
15	cadet_pi_on	30	10	10	0.8407079646017699	0.742142166344294	0.09856579825747591	1.6	0.4	1.484284332688588	0.515715667311412	0.8790185857954236	0.8790185857954236
15	cadet_pi_off	10	10	10	0.8178137651821862	0.5	0.3178137651821862	1.6	0.4	1.0	1.0	0.9172735418918934	0.9172735418918934
15	cadet_pi_off	30	10	10	0.8407079646017699	0.5	0.3407079646017699	1.6	0.4	1.0	1.0	0.8788391453512346	0.8788391453512346
15	naive	10	10	10	0.8178137651821862	0.5	0.3178137651821862	1.6	0.4	1.0	1.0	1.0	1.0
15	naive	30	10	10	0.8407079646017699	0.5	0.3407079646017699	1.6	0.4	1.0	1.0	1.0	1.0
16	cadet_pi_on	10	10	10	0.8043478260869565	0.7379343923072241	0.06641343377973241	1.6	0.4	1.4758687846144483	0.5241312153855517	0.8881623575420584	0.8881623575420585
16	cadet_pi_on	30	10	10	0.8072289156626506	0.7379343923072241	0.06929452335542652	1.6	0.4	1.4758687846144483	0.5241312153855517	0.9230149109453326	0.9230149109453327
16	cadet_pi_off	10	10	10	0.8043478260869565	0.5	0.30434782608695654	1.6	0.4	1.0	1.0	0.887976502842394	0.887976502842394
16	cadet_pi_off	30	10	10	0.8072289156626506	0.5	0.30722891566265065	1.6	0.4	1.0	1.0	0.9228217630849186	0.9228217630849186
16	naive	10	10	10	0.8043478260869565	0.5	0.30434782608695654	1.6	0.4	1.0	1.0	1.0	1.0
16	naive	30	10	10	0.8072289156626506	0.5	0.30722891566265065	1.6	0.4	1.0	1.0	1.0	1.0
17	cadet_pi_on	10	10	10	0.8290909090909091	0.7337167070217919	0.09537420206911718	1.6	0.4	1.4674334140435836	0.5325665859564164	0.9703633424862284	0.9703633424862281
17	cadet_pi_on	30	10	10	0.8255813953488372	0.7337167070217918	0.09186468832704542	1.6	0.4	1.4674334140435836	0.5325665859564164	0.9391905470975952	0.9391905470975952
17	cadet_pi_off	10	10	10	0.8290909090909091	0.5	0.3290909090909091	1.6	0.4	1.0	1.0	0.9702090350382617	0.9702090350382617
17	cadet_pi_off	30	10	10	0.8255813953488372	0.5	0.32558139534883723	1.6	0.4	1.0	1.0	0.9390411967562007	0.9390411967562007
17	naive	10	10	10	0.8290909090909091	0.5	0.3290909090909091	1.6	0.4	1.0	1.0	1.0	1.0
17	naive	30	10	10	0.8255813953488372	0.5	0.32558139534883723	1.6	0.4	1.0	1.0	1.0	1.0
18	cadet_pi_on	10	10	10	0.8029739776951673	0.7364431130402885	0.06653086465487879	1.6	0.4	1.472886226080577	0.5271137739194228	0.9583411218023693	0.9583411218023695
18	cadet_pi_on	30	10	10	0.8167330677290837	0.7364431130402885	0.08028995468879518	1.6	0.4	1.472886226080577	0.5271137739194228	0.9253697272961076	0.9253697272961078
18	cadet_pi_off	10	10	10	0.8029739776951673	0.5	0.3029739776951673	1.6	0.4	1.0	1.0	0.9581699877254812	0.9581699877254812
18	cadet_pi_off	30	10	10	0.8167330677290837	0.5	0.3167330677290837	1.6	0.4	1.0	1.0	0.925204481027886	0.925204481027886
18	naive	10	10	10	0.8029739776951673	0.5	0.3029739776951673	1.6	0.4	1.0	1.0	1.0	1.0
18	naive	30	10	10	0.8167330677290837	0.5	0.3167330677290837	1.6	0.4	1.0	1.0	1.0	1.0
19	cadet_pi_on	10	10	10	0.723404255319149	0.7367303609341825	0.013326105615033557	1.6	0.4	1.4734607218683653	0.5265392781316349	0.8946397552516142	0.8946397552516141
19	cadet_pi_on	30	10	10	0.8015873015873016	0.7367303609341826	0.06485694065311898	1.6	0.4	1.4734607218683653	0.5265392781316349	0.9257299864476738	0.9257299864476736
19	cadet_pi_off	10	10	10	0.723404255319149	0.5	0.22340425531914898	1.6	0.4	1.0	1.0	0.8944463629271897	0.8944463629271897
19	cadet_pi_off	30	10	10	0.8015873015873016	0.5	0.3015873015873016	1.6	0.4	1.0	1.0	0.9255298734157884	0.9255298734157884
19	naive	10	10	10	0.723404255319149	0.5	0.22340425531914898	1.6	0.4	1.0	1.0	1.0	1.0
19	naive	30	10	10	0.8015873015873016	0.5	0.3015873015873016	1.6	0.4	1.0	1.0	1.0	1.0
20	cadet_pi_on	10	10	10	0.828125	0.7318602386169953	0.09626476138300466	1.6	0.4	1.4637204772339907	0.5362795227660093	0.9334723494605901	0.9334723494605901
20	cadet_pi_on	30	10	10	0.7932489451476793	0.7318602386169952	0.06138870653068407	1.6	0.4	1.4637204772339907	0.5362795227660093	0.8987085413926689	0.8987085413926692
20	cadet_pi_off	10	10	10	0.828125	0.5	0.328125	1.6	0.4	1.0	1.0	0.9333076967145352	0.9333076967145352
20	cadet_pi_off	30	10	10	0.7932489451476793	0.5	0.2932489451476793	1.6	0.4	1.0	1.0	0.8985500205437881	0.8985500205437881
20	naive	10	10	10	0.828125	0.5	0.328125	1.6	0.4	1.0	1.0	1.0	1.0
20	naive	30	10	10	0.7932489451476793	0.5	0.2932489451476793	1.6	0.4	1.0	1.0	1.0	1.0
21	cadet_pi_on	10	10	10	0.8143459915611815	0.7321882182170073	0.08215777334417418	1.6	0.4	1.4643764364340148	0.5356235635659853	0.8990267121299679	0.899026712129968
21	cadet_pi_on	30	10	10	0.7918367346938775	0.7321882182170074	0.059648516476870084	1.6	0.4	1.4643764364340148	0.5356235635659853	0.9136692870923814	0.913669287092381
21	cadet_pi_off	10	10	10	0.8143459915611815	0.5	0.3143459915611815	1.6	0.4	1.0	1.0	0.8988579731219373	0.8988579731219373
21	cadet_pi_off	30	10	10	0.7918367346938775	0.5	0.2918367346938775	1.6	0.4	1.0	1.0	0.9134977998083085	0.9134977998083085
21	naive	10	10	10	0.8143459915611815	0.5	0.3143459915611815	1.6	0.4	1.0	1.0	1.0	1.0
21	naive	30	10	10	0.7918367346938775	0.5	0.2918367346938775	1.6	0.4	1.0	1.0	1.0	1.0
22	cadet_pi_on	10	10	10	0.8223140495867769	0.7340007370101953	0.08831331257658159	1.6	0.4	1.4680014740203908	0.5319985259796094	0.9086278500488925	0.9086278500488923
22	cadet_pi_on	30	10	10	0.8014705882352942	0.7340007370101953	0.06746985122509885	1.6	0.4	1.4680014740203908	0.5319985259796094	0.9635646852465247	0.9635646852465249
22	cadet_pi_off	10	10	10	0.8223140495867769	0.5	0.3223140495867769	1.6	0.4	1.0	1.0	0.9084583668531757	0.9084583668531757
22	cadet_pi_off	30	10	10	0.8014705882352942	0.5	0.30147058823529416	1.6	0.4	1.0	1.0	0.9633849548738244	0.9633849548738244
22	naive	10	10	10	0.8223140495867769	0.5	0.3223140495867769	1.6	0.4	1.0	1.0	1.0	1.0
22	naive	30	10	10	0.8014705882352942	0.5	0.30147058823529416	1.6	0.4	1.0	1.0	1.0	1.0
23	cadet_pi_on	10	10	10	0.7945736434108527	0.7323529411764707	0.06222070223438203	1.6	0.4	1.4647058823529413	0.5352941176470588	0.9376468273400153	0.9376468273400153
23	cadet_pi_on	30	10	10	0.7651515151515151	0.7323529411764705	0.0327985739750446	1.6	0.4	1.4647058823529413	0.5352941176470588	0.94863090648792	0.9486309064879201
23	cadet_pi_off	10	10	10	0.7945736434108527	0.5	0.2945736434108527	1.6	0.4	1.0	1.0	0.9374764926559325	0.9374764926559325
23	cadet_pi_off	30	10	10	0.7651515151515151	0.5	0.26515151515151514	1.6	0.4	1.0	1.0	0.9484585764153849	0.9484585764153849
23	naive	10	10	10	0.7945736434108527	0.5	0.2945736434108527	1.6	0.4	1.0	1.0	1.0	1.0
23	naive	30	10	10	0.7651515151515151	0.5	0.26515151515151514	1.6	0.4	1.0	1.0	1.0	1.0
24	cadet_pi_on	10	10	10	0.7627737226277372	0.741786040841207	0.02098768178653021	1.6	0.4	1.483572081682414	0.516427918317586	0.9652212579828267	0.9652212579828269
24	cadet_pi_on	30	10	10	0.7966804979253111	0.741786040841207	0.05489445708410412	1.6	0.4	1.483572081682414	0.516427918317586	0.9049160630302796	0.9049160630302796
24	cadet_pi_off	10	10	10	0.7627737226277372	0.5	0.26277372262773724	1.6	0.4	1.0	1.0	0.9650481607288893	0.9650481607288893
24	cadet_pi_off	30	10	10	0.7966804979253111	0.5	0.29668049792531115	1.6	0.4	1.0	1.0	0.9047537805647217	0.9047537805647217
24	naive	10	10	10	0.7627737226277372	0.5	0.26277372262773724	1.6	0.4	1.0	1.0	1.0	1.0
24	naive	30	10	10	0.7966804979253111	0.5	0.29668049792531115	1.6	0.4	1.0	1.0	1.0	1.0
25	cadet_pi_on	10	10	10	0.8360655737704918	0.7331689272503084	0.10289664652018349	1.6	0.4	1.4663378545006165	0.5336621454993834	0.9106232803011798	0.9106232803011796
25	cadet_pi_on	30	10	10	0.8278388278388278	0.7331689272503082	0.09466990058851954	1.6	0.4	1.4663378545006165	0.5336621454993834	0.9636318479367157	0.963631847936716
25	cadet_pi_off	10	10	10	0.8360655737704918	0.5	0.33606557377049184	1.6	0.4	1.0	1.0	0.910429702807122	0.910429702807122
25	cadet_pi_off	30	10	10	0.8278388278388278	0.5	0.3278388278388278	1.6	0.4	1.0	1.0	0.9634270020445087	0.9634270020445087
25	naive	10	10	10	0.8360655737704918	0.5	0.33606557377049184	1.6	0.4	1.0	1.0	1.0	1.0
25	naive	30	10	10	0.8278388278388278	0.5	0.3278388278388278	1.6	0.4	1.0	1.0	1.0	1.0
26	cadet_pi_on	10	10	10	0.8280701754385965	0.7310475956820413	0.09702257975655526	1.6	0.4	1.4620951913640825	0.5379048086359175	0.9886016500943864	0.988601650094386
26	cadet_pi_on	30	10	10	0.7682403433476395	0.7310475956820413	0.037192747665598214	1.6	0.4	1.4620951913640825	0.5379048086359175	0.8932590822238746	0.8932590822238746
26	cadet_pi_off	10	10	10	0.8280701754385965	0.5	0.3280701754385965	1.6	0.4	1.0	1.0	0.9884678198172121	0.9884678198172121
26	cadet_pi_off	30	10	10	0.7682403433476395	0.5	0.26824034334763946	1.6	0.4	1.0	1.0	0.8931381587856517	0.8931381587856517
26	naive	10	10	10	0.8280701754385965	0.5	0.3280701754385965	1.6	0.4	1.0	1.0	1.0	1.0
26	naive	30	10	10	0.7682403433476395	0.5	0.26824034334763946	1.6	0.4	1.0	1.0	1.0	1.0
27	cadet_pi_on	10	10	10	0.7922077922077922	0.734116358325219	0.05809143388257321	1.6	0.4	1.4682327166504383	0.5317672833495618	0.888071396769912	0.8880713967699123
27	cadet_pi_on	30	10	10	0.7888888888888889	0.734116358325219	0.05477253056366982	1.6	0.4	1.4682327166504383	0.5317672833495618	0.9594560891400051	0.9594560891400052
27	cadet_pi_off	10	10	10	0.7922077922077922	0.5	0.29220779220779225	1.6	0.4	1.0	1.0	0.8879083622982229	0.8879083622982229
27	cadet_pi_off	30	10	10	0.7888888888888889	0.5	0.28888888888888886	1.6	0.4	1.0	1.0	0.9592799496796298	0.9592799496796298
27	naive	10	10	10	0.7922077922077922	0.5	0.29220779220779225	1.6	0.4	1.0	1.0	1.0	1.0
27	naive	30	10	10	0.7888888888888889	0.5	0.28888888888888886	1.6	0.4	1.0	1.0	1.0	1.0
28	cadet_pi_on	10	10	10	0.7815126050420168	0.7318479844584749	0.04966462058354193	1.6	0.4	1.46369596891695	0.53630403108305	0.9018257586595687	0.901825758659569
28	cadet_pi_on	30	10	10	0.825925925925926	0.731847984458475	0.09407794146745097	1.6	0.4	1.46369596891695	0.53630403108305	0.9604590413040782	0.9604590413040782
28	cadet_pi_off	10	10	10	0.7815126050420168	0.5	0.2815126050420168	1.6	0.4	1.0	1.0	0.9016430774939016	0.9016430774939016
28	cadet_pi_off	30	10	10	0.825925925925926	0.5	0.32592592592592595	1.6	0.4	1.0	1.0	0.9602644829034601	0.9602644829034601
28	naive	10	10	10	0.7815126050420168	0.5	0.2815126050420168	1.6	0.4	1.0	1.0	1.0	1.0
28	naive	30	10	10	0.825925925925926	0.5	0.32592592592592595	1.6	0.4	1.0	1.0	1.0	1.0
29	cadet_pi_on	10	10	10	0.8059071729957806	0.7343654387467874	0.07154173424899324	1.6	0.4	1.468730877493575	0.5312691225064252	0.8989301525521068	0.8989301525521067
29	cadet_pi_on	30	10	10	0.8045977011494253	0.7343654387467875	0.0702322624026378	1.6	0.4	1.468730877493575	0.5312691225064252	0.9428531594009236	0.9428531594009234
29	cadet_pi_off	10	10	10	0.8059071729957806	0.5	0.30590717299578063	1.6	0.4	1.0	1.0	0.8987576885681382	0.8987576885681382
29	cadet_pi_off	30	10	10	0.8045977011494253	0.5	0.3045977011494253	1.6	0.4	1.0	1.0	0.9426722685812018	0.9426722685812018
29	naive	10	10	10	0.8059071729957806	0.5	0.30590717299578063	1.6	0.4	1.0	1.0	1.0	1.0
29	naive	30	10	10	0.8045977011494253	0.5	0.3045977011494253	1.6	0.4	1.0	1.0	1.0	1.0
30	cadet_pi_on	10	10	10	0.751004016064257	0.7353193051137754	0.01568471095048163	1.6	0.4	1.4706386102275508	0.5293613897724493	0.9187663090399363	0.9187663090399362
30	cadet_pi_on	30	10	10	0.8340080971659919	0.7353193051137754	0.09868879205221648	1.6	0.4	1.4706386102275508	0.5293613897724493	0.915114506045295	0.9151145060452948
30	cadet_pi_off	10	10	10	0.751004016064257	0.5	0.25100401606425704	1.6	0.4	1.0	1.0	0.9185786080663857	0.9185786080663857
30	cadet_pi_off	30	10	10	0.8340080971659919	0.5	0.3340080971659919	1.6	0.4	1.0	1.0	0.9149275511232381	0.9149275511232381
30	naive	10	10	10	0.751004016064257	0.5	0.25100401606425704	1.6	0.4	1.0	1.0	1.0	1.0
30	naive	30	10	10	0.8340080971659919	0.5	0.3340080971659919	1.6	0.4	1.0	1.0	1.0	1.0
31	cadet_pi_on	10	10	10	0.7657992565055762	0.7341596130592503	0.03163964344632597	1.6	0.4	1.4683192261185005	0.5316807738814994	0.9573352511333786	0.9573352511333786
31	cadet_pi_on	30	10	10	0.7575757575757576	0.7341596130592504	0.023416144516507198	1.6	0.4	1.4683192261185005	0.5316807738814994	0.948186143390562	0.948186143390562
31	cadet_pi_off	10	10	10	0.7657992565055762	0.5	0.26579925650557623	1.6	0.4	1.0	1.0	0.957180276441218	0.957180276441218
31	cadet_pi_off	30	10	10	0.7575757575757576	0.5	0.25757575757575757	1.6	0.4	1.0	1.0	0.9480326497680207	0.9480326497680207
31	naive	10	10	10	0.7657992565055762	0.5	0.26579925650557623	1.6	0.4	1.0	1.0	1.0	1.0
31	naive	30	10	10	0.7575757575757576	0.5	0.25757575757575757	1.6	0.4	1.0	1.0	1.0	1.0
32	cadet_pi_on	10	10	10	0.7815126050420168	0.7255694997918277	0.055943105250189085	1.6	0.4	1.4511389995836554	0.5488610004163444	0.9015006829114631	0.9015006829114631
32	cadet_pi_on	30	10	10	0.7727272727272727	0.7255694997918277	0.047157772935444986	1.6	0.4	1.4511389995836554	0.5488610004163444	0.9088272013433513	0.9088272013433513
32	cadet_pi_off	10	10	10	0.7815126050420168	0.5	0.2815126050420168	1.6	0.4	1.0	1.0	0.9014131324297072	0.9014131324297072
32	cadet_pi_off	30	10	10	0.7727272727272727	0.5	0.2727272727272727	1.6	0.4	1.0	1.0	0.9087389393366564	0.9087389393366564
32	naive	10	10	10	0.7815126050420168	0.5	0.2815126050420168	1.6	0.4	1.0	1.0	1.0	1.0
32	naive	30	10	10	0.7727272727272727	0.5	0.2727272727272727	1.6	0.4	1.0	1.0	1.0	1.0
33	cadet_pi_on	10	10	10	0.8689138576779026	0.7363208116922333	0.13259304598566934	1.6	0.4	1.4726416233844666	0.5273583766155333	0.9541585472391297	0.9541585472391297
33	cadet_pi_on	30	10	10	0.805668016194332	0.7363208116922333	0.06934720450209875	1.6	0.4	1.4726416233844666	0.5273583766155333	0.9175435839167653	0.9175435839167654
33	cadet_pi_off	10	10	10	0.8689138576779026	0.5	0.36891385767790263	1.6	0.4	1.0	1.0	0.9540249697862566	0.9540249697862566
33	cadet_pi_off	30	10	10	0.805668016194332	0.5	0.30566801619433204	1.6	0.4	1.0	1.0	0.9174151323767207	0.9174151323767207
33	naive	10	10	10	0.8689138576779026	0.5	0.36891385767790263	1.6	0.4	1.0	1.0	1.0	1.0
33	naive	30	10	10	0.805668016194332	0.5	0.30566801619433204	1.6	0.4	1.0	1.0	1.0	1.0
34	cadet_pi_on	10	10	10	0.8083333333333333	0.7422799247709762	0.0660534085623572	1.6	0.4	1.4845598495419525	0.5154401504580477	0.90497585240427	0.90497585240427
34	cadet_pi_on	30	10	10	0.8127208480565371	0.7422799247709763	0.07044092328556084	1.6	0.4	1.4845598495419525	0.5154401504580477	0.9837195594948388	0.9837195594948386
34	cadet_pi_off	10	10	10	0.8083333333333333	0.5	0.30833333333333335	1.6	0.4	1.0	1.0	0.9048114485004217	0.9048114485004217
34	cadet_pi_off	30	10	10	0.8127208480565371	0.5	0.3127208480565371	1.6	0.4	1.0	1.0	0.9835408504879152	0.9835408504879152
34	naive	10	10	10	0.8083333333333333	0.5	0.30833333333333335	1.6	0.4	1.0	1.0	1.0	1.0
34	naive	30	10	10	0.8127208480565371	0.5	0.3127208480565371	1.6	0.4	1.0	1.0	1.0	1.0
35	cadet_pi_on	10	10	10	0.8106060606060606	0.733711913048788	0.07689414755727253	1.6	0.4	1.467423826097576	0.5325761739024242	0.9490454081059444	0.9490454081059442
35	cadet_pi_on	30	10	10	0.7918367346938775	0.7337119130487879	0.058124821645089586	1.6	0.4	1.467423826097576	0.5325761739024242	0.9142472925059374	0.9142472925059376
35	cadet_pi_off	10	10	10	0.8106060606060606	0.5	0.31060606060606055	1.6	0.4	1.0	1.0	0.9488615396170892	0.9488615396170892
35	cadet_pi_off	30	10	10	0.7918367346938775	0.5	0.2918367346938775	1.6	0.4	1.0	1.0	0.91407016581982	0.91407016581982
35	naive	10	10	10	0.8106060606060606	0.5	0.31060606060606055	1.6	0.4	1.0	1.0	1.0	1.0
35	naive	30	10	10	0.7918367346938775	0.5	0.2918367346938775	1.6	0.4	1.0	1.0	1.0	1.0
36	cadet_pi_on	10	10	10	0.8260869565217391	0.7333694539762808	0.0927175025454583	1.6	0.4	1.4667389079525615	0.5332610920474383	0.9693130064908081	0.9693130064908079
36	cadet_pi_on	30	10	10	0.8130081300813008	0.7333694539762808	0.07963867610501996	1.6	0.4	1.4667389079525615	0.5332610920474383	0.9144653810979225	0.9144653810979223
36	cadet_pi_off	10	10	10	0.8260869565217391	0.5	0.32608695652173914	1.6	0.4	1.0	1.0	0.9691487581383125	0.9691487581383125
36	cadet_pi_off	30	10	10	0.8130081300813008	0.5	0.3130081300813008	1.6	0.4	1.0	1.0	0.9143104265772942	0.9143104265772942
36	naive	10	10	10	0.8260869565217391	0.5	0.32608695652173914	1.6	0.4	1.0	1.0	1.0	1.0
36	naive	30	10	10	0.8130081300813008	0.5	0.3130081300813008	1.6	0.4	1.0	1.0	1.0	1.0
37	cadet_pi_on	10	10	10	0.8022388059701493	0.7330934813098359	0.06914532466031342	1.6	0.4	1.466186962619672	0.5338130373803281	0.9568737004732879	0.9568737004732881
37	cadet_pi_on	30	10	10	0.8104265402843602	0.7330934813098361	0.07733305897452414	1.6	0.4	1.466186962619672	0.5338130373803281	0.8524245162577674	0.8524245162577672
37	cadet_pi_off	10	10	10	0.8022388059701493	0.5	0.3022388059701493	1.6	0.4	1.0	1.0	0.9567095058144202	0.9567095058144202
37	cadet_pi_off	30	10	10	0.8104265402843602	0.5	0.31042654028436023	1.6	0.4	1.0	1.0	0.8522782445475214	0.8522782445475214
37	naive	10	10	10	0.8022388059701493	0.5	0.3022388059701493	1.6	0.4	1.0	1.0	1.0	1.0
37	naive	30	10	10	0.8104265402843602	0.5	0.31042654028436023	1.6	0.4	1.0	1.0	1.0	1.0
38	cadet_pi_on	10	10	10	0.7846153846153846	0.736398607803627	0.04821677681175762	1.6	0.4	1.4727972156072542	0.5272027843927459	0.9430228295773867	0.943022829577387
38	cadet_pi_on	30	10	10	0.8106995884773662	0.7363986078036271	0.07430098067373914	1.6	0.4	1.4727972156072542	0.5272027843927459	0.9118445824326973	0.9118445824326973
38	cadet_pi_off	10	10	10	0.7846153846153846	0.5	0.2846153846153846	1.6	0.4	1.0	1.0	0.9428540777022351	0.9428540777022351
38	cadet_pi_off	30	10	10	0.8106995884773662	0.5	0.31069958847736623	1.6	0.4	1.0	1.0	0.9116814098367577	0.9116814098367577
38	naive	10	10	10	0.7846153846153846	0.5	0.2846153846153846	1.6	0.4	1.0	1.0	1.0	1.0
38	naive	30	10	10	0.8106995884773662	0.5	0.31069958847736623	1.6	0.4	1.0	1.0	1.0	1.0
39	cadet_pi_on	10	10	10	0.7857142857142857	0.7304815478766149	0.0552327378376708	1.6	0.4	1.4609630957532298	0.5390369042467701	0.9796672012611676	0.9796672012611676
39	cadet_pi_on	30	10	10	0.8260869565217391	0.7304815478766149	0.09560540864512423	1.6	0.4	1.4609630957532298	0.5390369042467701	0.9301506242411524	0.9301506242411527
39	cadet_pi_off	10	10	10	0.7857142857142857	0.5	0.2857142857142857	1.6	0.4	1.0	1.0	0.9795036441226406	0.9795036441226406
39	cadet_pi_off	30	10	10	0.8260869565217391	0.5	0.32608695652173914	1.6	0.4	1.0	1.0	0.9299953339810475	0.9299953339810475
39	naive	10	10	10	0.7857142857142857	0.5	0.2857142857142857	1.6	0.4	1.0	1.0	1.0	1.0
39	naive	30	10	10	0.8260869565217391	0.5	0.32608695652173914	1.6	0.4	1.0	1.0	1.0	1.0
40	cadet_pi_on	10	10	10	0.8193832599118943	0.7415913200723327	0.07779193983956156	1.6	0.4	1.4831826401446653	0.5168173598553345	0.8812942460629003	0.8812942460629003
40	cadet_pi_on	30	10	10	0.8117154811715481	0.7415913200723327	0.07012416109921538	1.6	0.4	1.4831826401446653	0.5168173598553345	0.9032723421819915	0.9032723421819916
40	cadet_pi_off	10	10	10	0.8193832599118943	0.5	0.3193832599118943	1.6	0.4	1.0	1.0	0.8811525175687742	0.8811525175687742
40	cadet_pi_off	30	10	10	0.8117154811715481	0.5	0.3117154811715481	1.6	0.4	1.0	1.0	0.9031270792015339	0.9031270792015339
40	naive	10	10	10	0.8193832599118943	0.5	0.3193832599118943	1.6	0.4	1.0	1.0	1.0	1.0
40	naive	30	10	10	0.8117154811715481	0.5	0.3117154811715481	1.6	0.4	1.0	1.0	1.0	1.0
41	cadet_pi_on	10	10	10	0.8244274809160306	0.7316466448246571	0.09278083609137344	1.6	0.4	1.4632932896493143	0.5367067103506856	0.9448145790188422	0.9448145790188422
41	cadet_pi_on	30	10	10	0.8015267175572519	0.7316466448246571	0.06988007273259478	1.6	0.4	1.4632932896493143	0.5367067103506856	0.9448145790188422	0.9448145790188422
41	cadet_pi_off	10	10	10	0.8244274809160306	0.5	0.3244274809160306	1.6	0.4	1.0	1.0	0.9446803573367689	0.9446803573367689
41	cadet_pi_off	30	10	10	0.8015267175572519	0.5	0.3015267175572519	1.6	0.4	1.0	1.0	0.9446803573367689	0.9446803573367689
41	naive	10	10	10	0.8244274809160306	0.5	0.3244274809160306	1.6	0.4	1.0	1.0	1.0	1.0
41	naive	30	10	10	0.8015267175572519	0.5	0.3015267175572519	1.6	0.4	1.0	1.0	1.0	1.0
42	cadet_pi_on	10	10	10	0.7933579335793358	0.7355215882102186	0.05783634536911719	1.6	0.4	1.4710431764204372	0.5289568235795628	0.9623782350512601	0.9623782350512601
42	cadet_pi_on	30	10	10	0.8046875	0.7355215882102186	0.06916591178978138	1.6	0.4	1.4710431764204372	0.5289568235795628	0.9348914017246085	0.9348914017246087
42	cadet_pi_off	10	10	10	0.7933579335793358	0.5	0.2933579335793358	1.6	0.4	1.0	1.0	0.962209404456276	0.962209404456276
42	cadet_pi_off	30	10	10	0.8046875	0.5	0.3046875	1.6	0.4	1.0	1.0	0.934727393161395	0.934727393161395
42	naive	10	10	10	0.7933579335793358	0.5	0.2933579335793358	1.6	0.4	1.0	1.0	1.0	1.0
42	naive	30	10	10	0.8046875	0.5	0.3046875	1.6	0.4	1.0	1.0	1.0	1.0
43	cadet_pi_on	10	10	10	0.8070175438596491	0.7328010565494057	0.07421648731024333	1.6	0.4	1.4656021130988115	0.5343978869011886	0.8801316034138177	0.8801316034138175
43	cadet_pi_on	30	10	10	0.8264150943396227	0.7328010565494056	0.09361403779021704	1.6	0.4	1.4656021130988115	0.5343978869011886	0.9476676465404208	0.9476676465404212
43	cadet_pi_off	10	10	10	0.8070175438596491	0.5	0.3070175438596491	1.6	0.4	1.0	1.0	0.8799671876585516	0.8799671876585516
43	cadet_pi_off	30	10	10	0.8264150943396227	0.5	0.3264150943396227	1.6	0.4	1.0	1.0	0.9474906145019818	0.9474906145019818
43	naive	10	10	10	0.8070175438596491	0.5	0.3070175438596491	1.6	0.4	1.0	1.0	1.0	1.0
43	naive	30	10	10	0.8264150943396227	0.5	0.3264150943396227	1.6	0.4	1.0	1.0	1.0	1.0
44	cadet_pi_on	10	10	10	0.7659574468085106	0.7321256038647344	0.03383184294377628	1.6	0.4	1.4642512077294687	0.5357487922705314	0.8970811040791947	0.8970811040791948
44	cadet_pi_on	30	10	10	0.8283261802575107	0.7321256038647344	0.09620057639277635	1.6	0.4	1.4642512077294687	0.5357487922705314	0.8934134485309245	0.8934134485309246
44	cadet_pi_off	10	10	10	0.7659574468085106	0.5	0.26595744680851063	1.6	0.4	1.0	1.0	0.8969304606216066	0.8969304606216066
44	cadet_pi_off	30	10	10	0.8283261802575107	0.5	0.3283261802575107	1.6	0.4	1.0	1.0	0.8932634209689457	0.8932634209689457
44	naive	10	10	10	0.7659574468085106	0.5	0.26595744680851063	1.6	0.4	1.0	1.0	1.0	1.0
44	naive	30	10	10	0.8283261802575107	0.5	0.3283261802575107	1.6	0.4	1.0	1.0	1.0	1.0
45	cadet_pi_on	10	10	10	0.8249027237354085	0.7340233481766759	0.0908793755587326	1.6	0.4	1.4680466963533518	0.5319533036466483	0.9370539036671105	0.9370539036671105
45	cadet_pi_on	30	10	10	0.8250950570342205	0.7340233481766759	0.09107170885754456	1.6	0.4	1.4680466963533518	0.5319533036466483	0.9480525108950655	0.9480525108950655
45	cadet_pi_off	10	10	10	0.8249027237354085	0.5	0.3249027237354085	1.6	0.4	1.0	1.0	0.9369139735359995	0.9369139735359995
45	cadet_pi_off	30	10	10	0.8250950570342205	0.5	0.3250950570342205	1.6	0.4	1.0	1.0	0.9479109383434431	0.9479109383434431
45	naive	10	10	10	0.8249027237354085	0.5	0.3249027237354085	1.6	0.4	1.0	1.0	1.0	1.0
45	naive	30	10	10	0.8250950570342205	0.5	0.3250950570342205	1.6	0.4	1.0	1.0	1.0	1.0
46	cadet_pi_on	10	10	10	0.8135593220338984	0.7407994150621496	0.07275990697174872	1.6	0.4	1.481598830124299	0.5184011698757006	0.899121507157472	0.8991215071574721
46	cadet_pi_on	30	10	10	0.7551867219917012	0.7407994150621496	0.014387306929551591	1.6	0.4	1.481598830124299	0.5184011698757006	0.9082927531437194	0.9082927531437194
46	cadet_pi_off	10	10	10	0.8135593220338984	0.5	0.31355932203389836	1.6	0.4	1.0	1.0	0.8989329735520063	0.8989329735520063
46	cadet_pi_off	30	10	10	0.7551867219917012	0.5	0.2551867219917012	1.6	0.4	1.0	1.0	0.9081022964521539	0.9081022964521539
46	naive	10	10	10	0.8135593220338984	0.5	0.31355932203389836	1.6	0.4	1.0	1.0	1.0	1.0
46	naive	30	10	10	0.7551867219917012	0.5	0.2551867219917012	1.6	0.4	1.0	1.0	1.0	1.0
47	cadet_pi_on	10	10	10	0.7976653696498055	0.7263316280469456	0.07133374160285988	1.6	0.4	1.4526632560938912	0.547336743906109	0.9340163363058783	0.9340163363058781
47	cadet_pi_on	30	10	10	0.7961538461538461	0.7263316280469456	0.06982221810690048	1.6	0.4	1.4526632560938912	0.547336743906109	0.9394978132984607	0.9394978132984604
47	cadet_pi_off	10	10	10	0.7976653696498055	0.5	0.2976653696498055	1.6	0.4	1.0	1.0	0.9338712837522042	0.9338712837522042
47	cadet_pi_off	30	10	10	0.7961538461538461	0.5	0.2961538461538461	1.6	0.4	1.0	1.0	0.9393519094724857	0.9393519094724857
47	naive	10	10	10	0.7976653696498055	0.5	0.2976653696498055	1.6	0.4	1.0	1.0	1.0	1.0
47	naive	30	10	10	0.7961538461538461	0.5	0.2961538461538461	1.6	0.4	1.0	1.0	1.0	1.0
48	cadet_pi_on	10	10	10	0.8196078431372549	0.7317117554288487	0.08789608770840618	1.6	0.4	1.4634235108576974	0.5365764891423026	0.9325877655260222	0.9325877655260222
48	cadet_pi_on	30	10	10	0.8036529680365296	0.7317117554288487	0.07194121260768094	1.6	0.4	1.4634235108576974	0.5365764891423026	0.866652678585442	0.8666526785854424
48	cadet_pi_off	10	10	10	0.8196078431372549	0.5	0.3196078431372549	1.6	0.4	1.0	1.0	0.932461447993849	0.932461447993849
48	cadet_pi_off	30	10	10	0.8036529680365296	0.5	0.30365296803652964	1.6	0.4	1.0	1.0	0.8665352918561101	0.8665352918561101
48	naive	10	10	10	0.8196078431372549	0.5	0.3196078431372549	1.6	0.4	1.0	1.0	1.0	1.0
48	naive	30	10	10	0.8036529680365296	0.5	0.30365296803652964	1.6	0.4	1.0	1.0	1.0	1.0
49	cadet_pi_on	10	10	10	0.8171641791044776	0.7351924825704759	0.08197169653400171	1.6	0.4	1.470384965140952	0.5296150348590483	0.9580532532053058	0.9580532532053058
49	cadet_pi_on	30	10	10	0.8257575757575758	0.7351924825704758	0.09056509318710004	1.6	0.4	1.470384965140952	0.5296150348590483	0.9507144503765327	0.9507144503765329
49	cadet_pi_off	10	10	10	0.8171641791044776	0.5	0.3171641791044776	1.6	0.4	1.0	1.0	0.9578786183277238	0.9578786183277238
49	cadet_pi_off	30	10	10	0.8257575757575758	0.5	0.3257575757575758	1.6	0.4	1.0	1.0	0.9505411532230587	0.9505411532230587
49	naive	10	10	10	0.8171641791044776	0.5	0.3171641791044776	1.6	0.4	1.0	1.0	1.0	1.0
49	naive	30	10	10	0.8257575757575758	0.5	0.3257575757575758	1.6	0.4	1.0	1.0	1.0	1.0
