scenario	seed	mode	x_pearson_log	dup_x_pearson_log	family_l1_mean	dominant_pair_acc	alpha_r_all	alpha_r_ambig	alpha_rmse_ambig	alpha_r_ambig_highsupp	alpha_auroc_ambig	pi_pearson_dup	pi_rmse_dup	recollapse_err
A_no_dup	0	cadet_pi_on	1.0				0.49014244807220075							0.0
A_no_dup	0	cadet_pi_off	1.0				0.49014244807220075							0.0
A_no_dup	0	naive	1.0											0.0
A_no_dup	1	cadet_pi_on	1.0				0.4617816466502245							0.0
A_no_dup	1	cadet_pi_off	1.0				0.4617816466502245							0.0
A_no_dup	1	naive	1.0											0.0
A_no_dup	2	cadet_pi_on	1.0				0.4809639717047863							0.0
A_no_dup	2	cadet_pi_off	1.0				0.4809639717047863							0.0
A_no_dup	2	naive	1.0											0.0
A_no_dup	3	cadet_pi_on	0.9999999999999999				0.48664743875448857							0.0
A_no_dup	3	cadet_pi_off	0.9999999999999999				0.48664743875448857							0.0
A_no_dup	3	naive	0.9999999999999999											0.0
A_no_dup	4	cadet_pi_on	1.0				0.5132873798758486							0.0
A_no_dup	4	cadet_pi_off	1.0				0.5132873798758486							0.0
A_no_dup	4	naive	1.0											0.0
A_no_dup	5	cadet_pi_on	1.0				0.47356850918867566							0.0
A_no_dup	5	cadet_pi_off	1.0				0.47356850918867566							0.0
A_no_dup	5	naive	1.0											0.0
A_no_dup	6	cadet_pi_on	0.9999999999999999				0.456525704243904							0.0
A_no_dup	6	cadet_pi_off	0.9999999999999999				0.456525704243904							0.0
A_no_dup	6	naive	0.9999999999999999											0.0
A_no_dup	7	cadet_pi_on	1.0				0.49079588987069617							0.0
A_no_dup	7	cadet_pi_off	1.0				0.49079588987069617							0.0
A_no_dup	7	naive	1.0											0.0
A_no_dup	8	cadet_pi_on	1.0				0.45339958743072684							0.0
A_no_dup	8	cadet_pi_off	1.0				0.45339958743072684							0.0
A_no_dup	8	naive	1.0											0.0
A_no_dup	9	cadet_pi_on	1.0				0.4987902931181716							0.0
A_no_dup	9	cadet_pi_off	1.0				0.4987902931181716							0.0
A_no_dup	9	naive	1.0											0.0
A_no_dup	10	cadet_pi_on	1.0				0.49408140523277005							0.0
A_no_dup	10	cadet_pi_off	1.0				0.49408140523277005							0.0
A_no_dup	10	naive	1.0											0.0
A_no_dup	11	cadet_pi_on	0.9999999999999999				0.4863409252677518							0.0
A_no_dup	11	cadet_pi_off	0.9999999999999999				0.4863409252677518							0.0
A_no_dup	11	naive	0.9999999999999999											0.0
A_no_dup	12	cadet_pi_on	1.0				0.4701509431274283							0.0
A_no_dup	12	cadet_pi_off	1.0				0.4701509431274283							0.0
A_no_dup	12	naive	1.0											0.0
A_no_dup	13	cadet_pi_on	1.0				0.5050576613938931							0.0
A_no_dup	13	cadet_pi_off	1.0				0.5050576613938931							0.0
A_no_dup	13	naive	1.0											0.0
A_no_dup	14	cadet_pi_on	1.0				0.44703503778903125							0.0
A_no_dup	14	cadet_pi_off	1.0				0.44703503778903125							0.0
A_no_dup	14	naive	1.0											0.0
A_no_dup	15	cadet_pi_on	0.9999999999999999				0.5180129298143307							0.0
A_no_dup	15	cadet_pi_off	0.9999999999999999				0.5180129298143307							0.0
A_no_dup	15	naive	0.9999999999999999											0.0
A_no_dup	16	cadet_pi_on	0.9999999999999999				0.5181678904451631							0.0
A_no_dup	16	cadet_pi_off	0.9999999999999999				0.5181678904451631							0.0
A_no_dup	16	naive	0.9999999999999999											0.0
A_no_dup	17	cadet_pi_on	0.9999999999999999				0.447129817143188							0.0
A_no_dup	17	cadet_pi_off	0.9999999999999999				0.447129817143188							0.0
A_no_dup	17	naive	0.9999999999999999											0.0
A_no_dup	18	cadet_pi_on	0.9999999999999999				0.44799796546634524							0.0
A_no_dup	18	cadet_pi_off	0.9999999999999999				0.44799796546634524							0.0
A_no_dup	18	naive	0.9999999999999999											0.0
A_no_dup	19	cadet_pi_on	1.0				0.48618072613212543							0.0
A_no_dup	19	cadet_pi_off	1.0				0.48618072613212543							0.0
A_no_dup	19	naive	1.0											0.0
B_one_dup_symmetric	0	cadet_pi_on	0.9759532717396985	0.9258083201399443	0.2087970717647802	0.8677110530896431	0.5513797291937965	0.763630914701832	0.22567927817946354	0.8479999962926569	0.9867702895111533	0.13059141992522666	0.09368990598453056	1.1368683772161603e-13
B_one_dup_symmetric	0	cadet_pi_off	0.976165770381416	0.9265610748512106	0.20744563802165236	0.8511749347258486	0.5571209335043877	0.7785685132676395	0.21934647817389133	0.8623830231115207	0.9913383958234456		0.08975960388405244	1.1368683772161603e-13
B_one_dup_symmetric	0	naive	0.9761662294510774	0.9265746735714745	0.20744623649382568	0.8511749347258486			0.3478410229017693		0.5		0.08975960388405244	2.842170943040401e-14
B_one_dup_symmetric	1	cadet_pi_on	0.9753257709220063	0.9219875728909451	0.2131032709504001	0.8827586206896552	0.5509457957243548	0.648126391902902	0.18399794877780284	0.7447039493390535	1.0	0.7765033847648161	0.0920339059131561	5.684341886080802e-14
B_one_dup_symmetric	1	cadet_pi_off	0.9747989938038519	0.9201715196526179	0.2166522123757621	0.8620689655172413	0.5514558278246515	0.6508205335291161	0.1839046040322813	0.748093094008292	1.0		0.10906564531643868	5.684341886080802e-14
B_one_dup_symmetric	1	naive	0.9747988208734841	0.920171218116135	0.21665198181825746	0.8620689655172413			0.22717051375006947		0.5		0.10906564531643868	5.684341886080802e-14
B_one_dup_symmetric	2	cadet_pi_on	0.9772842865872763	0.9270218818669007	0.2095564161895733	0.8825065274151436	0.5293204297340505	0.7575427906720849	0.2696682272739391	0.7849312745588132	1.0	0.033447203105694844	0.10311069912849619	1.1368683772161603e-13
B_one_dup_symmetric	2	cadet_pi_off	0.977358984647943	0.927292377342335	0.2084743593619443	0.8720626631853786	0.5317180281063191	0.7632516718601747	0.2671771118232135	0.796496125446324	1.0		0.10102359506129241	5.684341886080802e-14
B_one_dup_symmetric	2	naive	0.9773556267671464	0.9272814561791947	0.2084758811481452	0.8720626631853786			0.402671559623518		0.5		0.10102359506129241	5.684341886080802e-14
B_one_dup_symmetric	3	cadet_pi_on	0.9757091818346467	0.9282173978973733	0.21195523738646105	0.860726643598616	0.53772635045647	0.7777071076584519	0.2307154748414813	0.8229793529268312	0.991893039049236	0.2814360797140212	0.0856613739413615	1.1368683772161603e-13
B_one_dup_symmetric	3	cadet_pi_off	0.975541904694952	0.9277004099700951	0.21339545570090532	0.8494809688581315	0.5384323978940477	0.779423252401286	0.229943965990498	0.8253281490259808	0.992911714770798		0.08925396410894053	1.1368683772161603e-13
B_one_dup_symmetric	3	naive	0.9755397442377648	0.9276939872558901	0.2133947461377036	0.8494809688581315			0.3673882784175146		0.5		0.08925396410894053	1.1368683772161603e-13
B_one_dup_symmetric	4	cadet_pi_on	0.9772549379947267	0.9267243677118495	0.20499924670869776	0.880806310254163	0.5026902934526435	0.7088391039935176	0.20493041671748854	0.6069793735569624	1.0	0.8912384373018666	0.08506756827157773	1.1368683772161603e-13
B_one_dup_symmetric	4	cadet_pi_off	0.9767154280755888	0.9248511970999356	0.2082768430496253	0.8369851007887817	0.5019105991080053	0.7049888766836935	0.20614503494790218	0.5965945908272454	1.0		0.10513324269059288	5.684341886080802e-14
B_one_dup_symmetric	4	naive	0.9767782785729602	0.9250923425162066	0.2082720300747368	0.8369851007887817			0.28824571338373733		0.5		0.10513324269059288	5.684341886080802e-14
B_one_dup_symmetric	5	cadet_pi_on	0.9763603366539834	0.9304331061319988	0.21685269605952698	0.870242214532872	0.5720239701321205	0.6334441163340838	0.20949344223104846	0.7468903067880948	0.996897913141568	0.7636124052828585	0.08768940660875425	1.1368683772161603e-13
B_one_dup_symmetric	5	cadet_pi_off	0.9758742360411085	0.9289001111962659	0.21962039248098197	0.8538062283737025	0.5721824000738082	0.6344046198873338	0.209424439209034	0.7450915553446964	0.9969096634705772		0.10098293313510538	1.1368683772161603e-13
B_one_dup_symmetric	5	naive	0.9758706749844723	0.9288878067946608	0.21962105548481586	0.8538062283737025			0.25389306448141613		0.5		0.10098293313510538	1.1368683772161603e-13
B_one_dup_symmetric	6	cadet_pi_on	0.9772269213816558	0.92795993266184	0.20572255978323464	0.8852173913043478	0.5751036892259003	0.8091721394548301	0.24794440060272133	0.7433122109982323	0.9632450331125828	0.6561930611779205	0.10770481882835621	1.1368683772161603e-13
B_one_dup_symmetric	6	cadet_pi_off	0.9769395476922244	0.9269753005218222	0.20783510585530426	0.8704347826086957	0.5749843058756954	0.8081564792909963	0.24830861333806786	0.7407066225173398	0.9626655629139073		0.11647361044108416	5.684341886080802e-14
B_one_dup_symmetric	6	naive	0.9769330380851469	0.9269530409146375	0.20783660833203788	0.8704347826086957			0.4072877986551353		0.5		0.11647361044108416	5.684341886080802e-14
B_one_dup_symmetric	7	cadet_pi_on	0.9785141360090227	0.9368987276882164	0.19721930272993843	0.8742463393626184	0.5168115748442383	0.7659669223400956	0.264473332027691	0.8258705905681621	0.9963815477881974	0.8114534963885726	0.06705639311742705	1.1368683772161603e-13
B_one_dup_symmetric	7	cadet_pi_off	0.9780625539173434	0.935489912786202	0.20079606835684077	0.8621877691645133	0.5186923024447304	0.7677821134647492	0.2633903929340265	0.828658387680448	0.9963626030122193		0.08894222381766559	1.1368683772161603e-13
B_one_dup_symmetric	7	naive	0.978062461774106	0.9354882521132075	0.20079619198268656	0.8621877691645133			0.40967773544213115		0.5		0.08894222381766559	1.1368683772161603e-13
B_one_dup_symmetric	8	cadet_pi_on	0.975307732854108	0.9211382621738348	0.21309598796888127	0.867761452031115	0.5285683601890777	0.7507090596143872	0.22386332170183781	0.7802844901178122	1.0	0.8087591843988833	0.09341003111469072	5.684341886080802e-14
B_one_dup_symmetric	8	cadet_pi_off	0.9743879691287315	0.9179659418002509	0.2192914723269702	0.8660328435609335	0.531158963373473	0.7545495623545481	0.22228251496792312	0.7890322859973976	1.0		0.12069833959497277	5.684341886080802e-14
B_one_dup_symmetric	8	naive	0.974383524467921	0.9179566213386687	0.21929258737034973	0.8660328435609335			0.33691468348174064		0.5		0.12069833959497277	5.684341886080802e-14
B_one_dup_symmetric	9	cadet_pi_on	0.9789597266386453	0.9314758419788175	0.20211794246041032	0.856768558951965	0.5319397277154966	0.8012429438709673	0.2555078243305005	0.760194625876455	0.9957883070102521	0.2366554215135862	0.06244667769608167	5.684341886080802e-14
B_one_dup_symmetric	9	cadet_pi_off	0.9790150437880991	0.9317056340746817	0.2005292524282512	0.8576419213973799	0.5320164032832363	0.7995918950974508	0.2559668300738147	0.7654066785151448	0.9978941535051261		0.05619119781591335	5.684341886080802e-14
B_one_dup_symmetric	9	naive	0.9790119008430824	0.9316942551584863	0.20052977035732172	0.8576419213973799			0.41455396879095496		0.5		0.05619119781591335	5.684341886080802e-14
B_one_dup_symmetric	10	cadet_pi_on	0.9783353446589771	0.9302112953773068	0.2030835531511431	0.8728373702422145	0.5714656912530685	0.7759967618911544	0.23847453194217874	0.6912192127795447	1.0	0.6485743301950441	0.05805525027167412	1.1368683772161603e-13
B_one_dup_symmetric	10	cadet_pi_off	0.9780790290456483	0.9293182902482137	0.20469066059079438	0.8633217993079585	0.5713917805465281	0.7751235547491582	0.2387777335967268	0.6886587467537142	1.0		0.0668835361194367	5.684341886080802e-14
B_one_dup_symmetric	10	naive	0.9780848113591705	0.9293385691631949	0.20469063576777616	0.8633217993079585			0.3735434187803076		0.5		0.0668835361194367	5.684341886080802e-14
B_one_dup_symmetric	11	cadet_pi_on	0.9775887068443715	0.9314279349609659	0.20000391888350721	0.8812227074235808	0.5136035476789306	0.7869536805353693	0.25824532749502	0.7845107650921794	0.9974182732606873	0.3751512001346882	0.08283440404976	1.1368683772161603e-13
B_one_dup_symmetric	11	cadet_pi_off	0.9773614773210013	0.930707819851771	0.2016163561729698	0.8611353711790393	0.5185525618123444	0.7936586593051809	0.2544182217099292	0.8002520716551391	0.9969488683989941		0.08915902468865529	5.684341886080802e-14
B_one_dup_symmetric	11	naive	0.9773597321302346	0.930702144226483	0.20161675597620612	0.8611353711790393			0.41015774336561545		0.5		0.08915902468865529	1.1368683772161603e-13
B_one_dup_symmetric	12	cadet_pi_on	0.9771918437757826	0.9311232982477701	0.19924411100424166	0.8702090592334495	0.6386199615621528	0.7624015125210857	0.19113112203393498	0.749030875745666	0.9947832387392826	0.2130786332554768	0.06855762763998381	1.1368683772161603e-13
B_one_dup_symmetric	12	cadet_pi_off	0.977368865229948	0.9317237837449108	0.19797886818152313	0.867595818815331	0.6393793658166264	0.7654093970882845	0.19027533449178774	0.7564340785156405	0.9955319405868857		0.06523560633369462	5.684341886080802e-14
B_one_dup_symmetric	12	naive	0.9773757836367782	0.931745434114302	0.1979776657819504	0.867595818815331			0.2879052245021066		0.5		0.06523560633369462	5.684341886080802e-14
B_one_dup_symmetric	13	cadet_pi_on	0.9778294391047535	0.9278451594946666	0.19819169078494997	0.8726953467954346	0.5431208203621368	0.7914939795944147	0.22953064284990649	0.734108938964541	1.0	0.4849803347798041	0.05789084782703973	1.1368683772161603e-13
B_one_dup_symmetric	13	cadet_pi_off	0.9777510334764045	0.9275725612618894	0.198807977639312	0.8674275680421423	0.5434683667798322	0.7919820259478315	0.2292392476818659	0.7342457093101209	1.0		0.061913926394798896	5.684341886080802e-14
B_one_dup_symmetric	13	naive	0.9778025632994538	0.9277697091080253	0.19880677037762082	0.8674275680421423			0.3685851938880664		0.5		0.061913926394798896	1.4210854715202004e-14
B_one_dup_symmetric	14	cadet_pi_on	0.9782895485306986	0.932924838330361	0.2020009641307804	0.8804159445407279	0.5599545079981563	0.8063721992404431	0.22614217767579875	0.7082186919578917	0.9947478991596639	0.6947572289224755	0.06241246047501036	1.1368683772161603e-13
B_one_dup_symmetric	14	cadet_pi_off	0.9777319340327556	0.9311125936463788	0.20606017851555947	0.8682842287694974	0.5599026348261118	0.8031534284156553	0.22752758384357671	0.7016435376966791	0.995063025210084		0.08421880551685626	1.1368683772161603e-13
B_one_dup_symmetric	14	naive	0.9777260985747491	0.9310977434851158	0.20606195496458848	0.8682842287694974			0.3805584981729949		0.5		0.08421880551685626	1.1368683772161603e-13
B_one_dup_symmetric	15	cadet_pi_on	0.9773776212358101	0.9310912099473183	0.20651334541281566	0.8803869832893579	0.5265576424091521	0.6748794483812449	0.22228831055938353	0.7005228096408784	0.9945347862531433	0.5070872383527383	0.07895977633318747	1.1368683772161603e-13
B_one_dup_symmetric	15	cadet_pi_off	0.9770199316308396	0.9299798816398458	0.20763759002956622	0.8566402814423922	0.5279949944937643	0.6793919604506712	0.22128902899411382	0.7074111177789304	0.9971835708298408		0.09085926620542156	1.1368683772161603e-13
B_one_dup_symmetric	15	naive	0.9769960302027366	0.9299108294434946	0.2076393061278114	0.8566402814423922			0.2984866012508485		0.5		0.09085926620542156	2.842170943040401e-14
B_one_dup_symmetric	16	cadet_pi_on	0.9780688689882168	0.9310373140507449	0.20869035025955582	0.8729184925503944	0.5058715500285986	0.6144146307321725	0.2075093100802851	0.7225014414114996	0.9949080373995873	0.6512607625148269	0.08596929785906708	5.684341886080802e-14
B_one_dup_symmetric	16	cadet_pi_off	0.9777680437745625	0.930044815356127	0.21090294726170836	0.8545135845749343	0.5061429088049242	0.6151854767184726	0.2075914897403575	0.7234153033890096	0.9949080373995873		0.09737173951486237	1.1368683772161603e-13
B_one_dup_symmetric	16	naive	0.9777637389548739	0.9300324089374025	0.2109041679902124	0.8545135845749343			0.24883359851120032		0.5		0.09737173951486237	1.1368683772161603e-13
B_one_dup_symmetric	17	cadet_pi_on	0.9779264018644803	0.9322333853943064	0.20583358581779682	0.8809318377911993	0.4946023616490579	0.8092334592747226	0.26640421518442414	0.7331165324479856	0.9960635002581312	0.9036392227099961	0.09926596207535061	2.842170943040401e-14
B_one_dup_symmetric	17	cadet_pi_off	0.9772435497787281	0.9299933898855646	0.21099725284802562	0.8593615185504746	0.4946560922763703	0.8074123481089542	0.2670313411087208	0.7307812204799403	0.9960312338668044		0.12024403145596418	1.1368683772161603e-13
B_one_dup_symmetric	17	naive	0.9772402136925005	0.9299853883920082	0.2109985604898831	0.8593615185504746			0.4417130335774475		0.5		0.12024403145596418	1.1368683772161603e-13
B_one_dup_symmetric	18	cadet_pi_on	0.976677712650903	0.9282919001377984	0.21376980712769642	0.8573913043478261	0.527133238171067	0.8186251842228505	0.2962991620438539	0.7183503258092041	0.9944333272694197	0.6693046929256552	0.07756755791495631	1.1368683772161603e-13
B_one_dup_symmetric	18	cadet_pi_off	0.9763447587318113	0.9271998176631197	0.2157757508176582	0.8608695652173913	0.5274091879520717	0.8183728149805667	0.29623403730102127	0.7174970085914778	0.994324176823722		0.0891039034367585	1.1368683772161603e-13
B_one_dup_symmetric	18	naive	0.976339879120604	0.9271827216572722	0.21577633886703426	0.8608695652173913			0.4876266987291916		0.5		0.0891039034367585	1.1368683772161603e-13
B_one_dup_symmetric	19	cadet_pi_on	0.9752923531337778	0.9257636727003811	0.21525978063705936	0.8663755458515284	0.547323304845162	0.7918020769166396	0.2468456529729386	0.835875974830019	0.9949827441199501	0.43022493727490013	0.08106101849856201	5.684341886080802e-14
B_one_dup_symmetric	19	cadet_pi_off	0.9751257391228518	0.925286616416299	0.21452256639653056	0.8585152838427947	0.5518860647569163	0.7980839841411403	0.2432435495525376	0.8415044774242667	0.996780835822627		0.0877180899866701	1.1368683772161603e-13
B_one_dup_symmetric	19	naive	0.9751983951662532	0.9255463410665122	0.2145174933631074	0.8585152838427947			0.40157376375901194		0.5		0.0877180899866701	1.1368683772161603e-13
C_one_dup_asymmetric	0	cadet_pi_on	0.9335413727646629	0.819649499326786	0.3738683719137015	0.7953964194373402	0.5172322290073296	0.6286073467374456	0.27438238223573574	0.7278136369096292	0.7742050308495492	0.9307089945492839	0.4252773731614412	2.2737367544323206e-13
C_one_dup_asymmetric	0	cadet_pi_off	0.9181195721025479	0.7730465734750183	0.42762767933648255	0.7058823529411765	0.521915719646766	0.6287030611561314	0.27896073389371684	0.7464718405183447	0.7582759848125297		0.5149023798859361	1.1368683772161603e-13
C_one_dup_asymmetric	0	naive	0.9179978341385098	0.7727099114720822	0.42763751444805276	0.7058823529411765			0.3478410229017693		0.5		0.5149023798859361	1.1368683772161603e-13
C_one_dup_asymmetric	1	cadet_pi_on	0.9458173509351608	0.8414269851828605	0.3397679586216026	0.8244274809160306	0.5200367367762503	0.505680769162054	0.198720221325284	0.6300876464839587	1.0	0.9234888150872667	0.3741384890412364	5.684341886080802e-14
C_one_dup_asymmetric	1	cadet_pi_off	0.9337779572872732	0.8022271872736539	0.3884200499651123	0.7591178965224766	0.5170896319961835	0.48561814898799155	0.21029268414214108	0.5960014655302734	1.0		0.4575278303999498	5.684341886080802e-14
C_one_dup_asymmetric	1	naive	0.9337419532438161	0.8021354556079675	0.3884274481330445	0.7591178965224766			0.17278157135215674		0.5		0.4575278303999498	1.4210854715202004e-14
C_one_dup_asymmetric	2	cadet_pi_on	0.9317880572911603	0.8099595557120055	0.37355874048011933	0.7914893617021277	0.48284562031600464	0.6430577427421051	0.30812304533373613	0.5923308062219785	0.999896694214876	0.935612970437769	0.4260832934394743	2.842170943040401e-14
C_one_dup_asymmetric	2	cadet_pi_off	0.9201597547645698	0.7738644032739717	0.41659982987634125	0.745531914893617	0.47524970375457154	0.6100350854088903	0.31942487983010937	0.5540633608985893	0.9996900826446281		0.4973094011560696	5.684341886080802e-14
C_one_dup_asymmetric	2	naive	0.920044259325587	0.773534788616877	0.41660486881251313	0.745531914893617			0.402671559623518		0.5		0.4973094011560696	5.684341886080802e-14
C_one_dup_asymmetric	3	cadet_pi_on	0.9453172353241558	0.8413438262202533	0.3366397764818721	0.8171768707482994	0.5378881574777503	0.6655801402331584	0.2739000852790779	0.6756709113482449	1.0	0.8725664239135885	0.37680062485810545	1.1368683772161603e-13
C_one_dup_asymmetric	3	cadet_pi_off	0.9305710057010672	0.7939957454810129	0.3962523527135431	0.7440476190476191	0.5396397915695161	0.650253907102662	0.2814056318971163	0.6592749553202388	1.0		0.47417977742094924	5.684341886080802e-14
C_one_dup_asymmetric	3	naive	0.9305203095400761	0.79386073694481	0.3962566097345674	0.7440476190476191			0.3665900000060838		0.5		0.47417977742094924	2.842170943040401e-14
C_one_dup_asymmetric	4	cadet_pi_on	0.9299077022514729	0.8156676609513699	0.39486724033806975	0.7875210792580101	0.47855217962025404	0.5998360221993629	0.276812502652825	0.574355963673535	0.9751864653447335	0.9398761505385023	0.459646472058862	1.1368683772161603e-13
C_one_dup_asymmetric	4	cadet_pi_off	0.9099658113932568	0.7570168810315759	0.4666763456116539	0.684654300168634	0.47190605088299553	0.5629404399998601	0.29298137979556105	0.5197822532729576	0.9693287247589595		0.5689820009951093	1.1368683772161603e-13
C_one_dup_asymmetric	4	naive	0.9098872766058589	0.756884418354742	0.4666835207239313	0.684654300168634			0.3352751493585665		0.5		0.5689820009951093	1.1368683772161603e-13
C_one_dup_asymmetric	5	cadet_pi_on	0.9528805278310355	0.8582723522705605	0.3180073839863792	0.8131868131868132	0.5766956060347547	0.28509046058801013	0.19754591646654054	0.2701690693315121	0.7441411634960022	0.8257953866501097	0.34119017567972676	1.1368683772161603e-13
C_one_dup_asymmetric	5	cadet_pi_off	0.9432573698310914	0.8268016628971809	0.3582763488220132	0.7506339814032121	0.5744872999900955	0.2871116175739316	0.2074443377238702	0.2869206075097171	0.7247495634592409		0.41639688691917426	1.1368683772161603e-13
C_one_dup_asymmetric	5	naive	0.9432197753724131	0.8266979838550311	0.35828182884477927	0.7506339814032121			0.12057456507097766		0.5		0.41639688691917426	1.1368683772161603e-13
C_one_dup_asymmetric	6	cadet_pi_on	0.9475833407560065	0.8556105005129988	0.3165421195870912	0.8252344416027281	0.5436480666296625	0.7308690893305937	0.2701772105645676	0.6642863838564085	0.9902709460010327	0.886071340780844	0.3469128002333547	2.2737367544323206e-13
C_one_dup_asymmetric	6	cadet_pi_off	0.9350815060373701	0.8177623825211005	0.36085740776918446	0.7655583972719523	0.5399140037033057	0.7092620306114954	0.28008522219352866	0.6347618296032812	0.986439111884121		0.43103867605857954	2.2737367544323206e-13
C_one_dup_asymmetric	6	naive	0.935012928805529	0.8175723282290166	0.36086341839793645	0.7655583972719523			0.39577739250935173		0.5		0.43103867605857954	2.2737367544323206e-13
C_one_dup_asymmetric	7	cadet_pi_on	0.9381247892480152	0.8306508155104833	0.35817253179882963	0.7944732297063903	0.4870993241224327	0.7428426359860184	0.290339674547621	0.8123699801362583	0.9659589571502323	0.8912029945549829	0.417342007591967	1.1368683772161603e-13
C_one_dup_asymmetric	7	cadet_pi_off	0.9240179872943043	0.7880385322442707	0.4095565464406356	0.7409326424870466	0.48346266231880314	0.7199018913981836	0.3006175064771515	0.787903487399011	0.9593120805369127		0.5014912900800906	5.684341886080802e-14
C_one_dup_asymmetric	7	naive	0.9239330954876075	0.7878165423341316	0.4095661124632241	0.7409326424870466			0.434595238650593		0.5		0.5014912900800906	5.684341886080802e-14
C_one_dup_asymmetric	8	cadet_pi_on	0.8987765493184039	0.7552051258408415	0.4640439107222547	0.7432659932659933	0.4992939910825747	0.6122321712368481	0.3153131457205305	0.698142385585009	0.8417219198416626	0.9313254846101174	0.5451683368476025	1.1368683772161603e-13
C_one_dup_asymmetric	8	cadet_pi_off	0.8708939675051424	0.6795221007158043	0.5553888054404059	0.6397306397306397	0.4944976458057833	0.5854801353075434	0.334553975505855	0.6778941188014327	0.8206234537357744		0.6728148328014337	2.2737367544323206e-13
C_one_dup_asymmetric	8	naive	0.8706783164772238	0.6789965017583628	0.5554046238506547	0.6397306397306397			0.3737944494589439		0.5		0.6728148328014337	2.2737367544323206e-13
C_one_dup_asymmetric	9	cadet_pi_on	0.9352670249812952	0.8172282545129412	0.34910570597158763	0.7959356477561389	0.5249540246729658	0.7670089164719834	0.26383404567925467	0.5679502106104644	1.0	0.9248703208479696	0.4031893283326423	1.1368683772161603e-13
C_one_dup_asymmetric	9	cadet_pi_off	0.9213527947652905	0.7735382901227357	0.3980393670807683	0.7612193056731583	0.5223522200773045	0.7460237289961179	0.27330662315522053	0.5446855137712111	1.0		0.48891299690393475	5.684341886080802e-14
C_one_dup_asymmetric	9	naive	0.9212464194848471	0.7732316268772668	0.39804475702982745	0.7612193056731583			0.41076588743657333		0.5		0.48891299690393475	5.684341886080802e-14
C_one_dup_asymmetric	10	cadet_pi_on	0.9531849516234578	0.8620364002108377	0.31589346917593925	0.8253833049403748	0.5455911225138135	0.686020467926822	0.27179016397860334	0.506178672504607	1.0	0.9166022423654051	0.3296898338659204	5.684341886080802e-14
C_one_dup_asymmetric	10	cadet_pi_off	0.9427574176377341	0.8280942459779712	0.3593332720363867	0.7802385008517888	0.5422443102025465	0.6613328006581636	0.2803524314467688	0.46500728832380733	1.0		0.4103018393126776	5.684341886080802e-14
C_one_dup_asymmetric	10	naive	0.9427217034438653	0.8279960931021574	0.35933752647973466	0.7802385008517888			0.3735434187803076		0.5		0.4103018393126776	5.684341886080802e-14
C_one_dup_asymmetric	11	cadet_pi_on	0.9301068729156023	0.8128470963746682	0.3917798506296937	0.7756138865368332	0.47004428097453815	0.7029043917941046	0.29091172799967285	0.7309030127255691	0.9792120704107292	0.8402861671465878	0.4433323838214071	1.1368683772161603e-13
C_one_dup_asymmetric	11	cadet_pi_off	0.9142602757286729	0.7660685509298875	0.45394439178776996	0.6909398814563928	0.4757907921521816	0.6931218298343946	0.29656834291078504	0.7302742239788051	0.967745180217938		0.5352458512341314	1.1368683772161603e-13
C_one_dup_asymmetric	11	naive	0.9141172838044576	0.7656786336875984	0.45395483138357867	0.6909398814563928			0.41015774336561545		0.5		0.5352458512341314	1.4210854715202004e-14
C_one_dup_asymmetric	12	cadet_pi_on	0.9556853410964496	0.8758516343280031	0.3002130243213438	0.8209718670076727	0.5504681969211368	0.7052860959436839	0.21453760234858246	0.6542821126345345	0.9828040091776356	0.878550334797951	0.31361108296608287	5.684341886080802e-14
C_one_dup_asymmetric	12	cadet_pi_off	0.9471920316207004	0.8498428124707545	0.3347973367169841	0.7791986359761296	0.5491455484675565	0.6934474562888194	0.2211824183048531	0.6298900224623599	0.9783238739282696		0.38323367085303317	1.1368683772161603e-13
C_one_dup_asymmetric	12	naive	0.9471338425874437	0.8496778561695062	0.33480246610033704	0.7791986359761296			0.2879052245021066		0.5		0.38323367085303317	1.1368683772161603e-13
C_one_dup_asymmetric	13	cadet_pi_on	0.9438027177539859	0.8356505834616277	0.3328147272948187	0.8072696534234995	0.5382551144329933	0.7041310273244853	0.262657643354561	0.8168075532395224	1.0	0.9504185788231747	0.3806888287326283	5.684341886080802e-14
C_one_dup_asymmetric	13	cadet_pi_off	0.9343951480595446	0.8051351343410205	0.3683169822451622	0.7514792899408284	0.5349500434846832	0.6831096566385155	0.2715154869917974	0.7991155450792166	1.0		0.44623422054371775	1.1368683772161603e-13
C_one_dup_asymmetric	13	naive	0.9345286654315849	0.805655622985343	0.36831562486355957	0.7514792899408284			0.3682723877958045		0.5		0.44623422054371775	5.684341886080802e-14
C_one_dup_asymmetric	14	cadet_pi_on	0.9410597771258309	0.8411457925400065	0.3275929680437947	0.8178694158075601	0.5412585676950249	0.7389115429569828	0.2589966397892116	0.6753845639655792	0.955702280912365	0.8673248577953316	0.3708220888042206	2.2737367544323206e-13
C_one_dup_asymmetric	14	cadet_pi_off	0.9232600938391726	0.7878885473899521	0.3847268247428922	0.7723367697594502	0.5342719209618945	0.7017452099749426	0.27938436263554933	0.6268137082279082	0.9444927971188476		0.4751492110017175	1.1368683772161603e-13
C_one_dup_asymmetric	14	naive	0.9231627040950622	0.7876260080128213	0.38473508606329987	0.7723367697594502			0.3805584981729949		0.5		0.4751492110017175	1.1368683772161603e-13
C_one_dup_asymmetric	15	cadet_pi_on	0.9524568508531259	0.857670328954202	0.32023968421581944	0.8180272108843537	0.5319312361272939	0.6208359598476696	0.2263204987097726	4.903628855264486e-16	0.9998624862486248	0.9168512863066699	0.34464884819145747	1.1368683772161603e-13
C_one_dup_asymmetric	15	cadet_pi_off	0.939832517319376	0.8160066848325157	0.3681841196374445	0.7465986394557823	0.5283573259844191	0.5918443437280506	0.23830579692990816	3.3117275471370824e-16	0.9997249724972497		0.43556859336298465	5.684341886080802e-14
C_one_dup_asymmetric	15	naive	0.9397969525904034	0.8159163428304889	0.36819064408708496	0.7465986394557823			0.2776596253283541		0.5		0.43556859336298465	5.684341886080802e-14
C_one_dup_asymmetric	16	cadet_pi_on	0.9373727815781993	0.8195145029706911	0.36093935683688294	0.8068085106382978	0.45355027011317883	0.4345780072790032	0.2533368326154028	0.49045549515728876	0.9840065952184666	0.8566851774510721	0.40450147530631286	5.684341886080802e-14
C_one_dup_asymmetric	16	cadet_pi_off	0.9256137680747613	0.7822765640979963	0.40488789251767376	0.7259574468085106	0.44960137675903716	0.40758994708608154	0.26351232072141595	0.46313353746675434	0.9661170651277824		0.4807862306098892	5.684341886080802e-14
C_one_dup_asymmetric	16	naive	0.9254933041295595	0.7819188848131077	0.40489336277953847	0.7259574468085106			0.26033041503575477		0.5		0.4807862306098892	5.684341886080802e-14
C_one_dup_asymmetric	17	cadet_pi_on	0.9372764461735502	0.838128442863044	0.36450113143339596	0.7831632653061225	0.44564458903214266	0.7320002153081623	0.32710685238095705	0.7631100012545622	0.9683219178082192	0.899111151233454	0.4153488087099953	2.2737367544323206e-13
C_one_dup_asymmetric	17	cadet_pi_off	0.9193404266818718	0.786940178657215	0.4263349530841001	0.717687074829932	0.4331360490775053	0.6919732522821045	0.34556365451331705	0.7227833129605993	0.9570205479452055		0.5204886936053357	1.1368683772161603e-13
C_one_dup_asymmetric	17	naive	0.919260019212662	0.7867453214620888	0.4263477024980375	0.717687074829932			0.4815916171858731		0.5		0.5204886936053357	1.1368683772161603e-13
C_one_dup_asymmetric	18	cadet_pi_on	0.9459760305510556	0.8512205002452163	0.3322883521509262	0.8118049615055604	0.49503196267526933	0.7226996469390504	0.339983935965043	0.60845818194632	0.9920684009459705	0.9457472040272566	0.38305952111728453	1.1368683772161603e-13
C_one_dup_asymmetric	18	cadet_pi_off	0.9299707156220649	0.8024819653428926	0.3915748569986793	0.7510692899914457	0.484733715695792	0.6835158989061522	0.35570508112805793	0.5635777364507162	0.9882117518646535		0.4858492459326233	1.1368683772161603e-13
C_one_dup_asymmetric	18	naive	0.9298840128907442	0.8022480820452018	0.39157916672843324	0.7510692899914457			0.4876266987291916		0.5		0.4858492459326233	1.1368683772161603e-13
C_one_dup_asymmetric	19	cadet_pi_on	0.9347765607676262	0.8166666055723486	0.38152615332610856	0.7867459643160578	0.5127319257350903	0.6653308938134272	0.2650594907039767	0.7292987182358661	0.9997933884297521	0.9060584445269823	0.4423332671141349	1.1368683772161603e-13
C_one_dup_asymmetric	19	cadet_pi_off	0.918547473402786	0.7657746949027907	0.44501556643272994	0.6864910790144435	0.512025575255406	0.645360614998083	0.2763446427348911	0.7115260120435771	0.9993801652892562		0.5372081179118984	5.684341886080802e-14
C_one_dup_asymmetric	19	naive	0.9185102087823108	0.7657533950909952	0.44502365031533636	0.6864910790144435			0.35023361148729654		0.5		0.5372081179118984	5.684341886080802e-14
D_two_dup_symmetric	0	cadet_pi_on	0.9425152214589975	0.9029080474304073	0.2713101955202729	0.858036272670419	0.5204628280910482	0.7382793033759609	0.26942783110367907	0.8152901125642638	0.9848027676260583	0.40718013711220047	0.21464204131257825	1.1368683772161603e-13
D_two_dup_symmetric	0	cadet_pi_off	0.9543189613770109	0.9246825669502278	0.23282690278887253	0.8639774859287055	0.5216309946234584	0.7529285568883237	0.26318861815373773	0.827600485265189	0.994695275006828		0.08847866602653746	1.1368683772161603e-13
D_two_dup_symmetric	0	naive	0.9543147863641795	0.924675524854058	0.23282788231239296	0.8639774859287055			0.3991642359432186		0.5		0.08847866602653746	1.1368683772161603e-13
D_two_dup_symmetric	1	cadet_pi_on	0.9344709032156153	0.8845386279891426	0.29090193172956874	0.8489208633093526	0.5107451987022699	0.6397360259876661	0.26818020767054207	0.5646352377868709	0.9495554696559722	0.3619911114777406	0.24901287262052385	1.1368683772161603e-13
D_two_dup_symmetric	1	cadet_pi_off	0.9528821317848346	0.919213294721773	0.240287269909725	0.8561151079136691	0.5361153980962402	0.7072527570874655	0.2434024684075264	0.7454615555011844	0.9937470156210919		0.09399832803018306	5.684341886080802e-14
D_two_dup_symmetric	1	naive	0.9528706751241601	0.9191918667437633	0.24028772841237345	0.8561151079136691			0.34361186803946037		0.5		0.09399832803018306	5.684341886080802e-14
D_two_dup_symmetric	2	cadet_pi_on	0.9373089601458601	0.8901841758496948	0.2824471883945659	0.8558139534883721	0.48381127500806775	0.638000092028018	0.23758886254553943	0.7109980914459068	0.9822530864197531	0.15656039763269416	0.24845039570925567	1.1368683772161603e-13
D_two_dup_symmetric	2	cadet_pi_off	0.9518273855089828	0.9178043984246097	0.2372094996934895	0.8657364341085272	0.49411063060802773	0.6754282635724873	0.22368218899469197	0.7551003446761225	0.9958702834289689		0.10006453881422463	1.1368683772161603e-13
D_two_dup_symmetric	2	naive	0.9518278259411627	0.917806589311435	0.2372090503205453	0.8657364341085272			0.29887008618354366		0.5		0.10006453881422463	1.1368683772161603e-13
D_two_dup_symmetric	3	cadet_pi_on	0.9383649636343467	0.8939666288708253	0.2827134806141454	0.8514481469947057	0.4286999213634245	0.6443362866854558	0.250405588003553	0.6825628815607411	0.978137525186764	0.3146539330566247	0.2420653239968243	1.1368683772161603e-13
D_two_dup_symmetric	3	cadet_pi_off	0.9534449215119174	0.9215117199148857	0.23880558534510352	0.8582995951417004	0.4517744415492747	0.6932965463781962	0.2329810831858151	0.7446520470183489	0.9930659111243663		0.10338960768323172	1.1368683772161603e-13
D_two_dup_symmetric	3	naive	0.9534468543381556	0.9215167725950106	0.23880495223260104	0.8582995951417004			0.31858716190503666		0.5		0.10338960768323172	1.1368683772161603e-13
D_two_dup_symmetric	4	cadet_pi_on	0.9339549122782207	0.883309759978611	0.2932945185683051	0.8352466645982004	0.5187361156071973	0.6969322235547475	0.26982932572405727	0.6972076750677955	0.9717843012896017	-0.024220344857546507	0.2572673523748981	1.1368683772161603e-13
D_two_dup_symmetric	4	cadet_pi_off	0.9523467407185882	0.9177738364106537	0.23956528339297117	0.8650325783431585	0.5276827718817109	0.7313404314793689	0.2562351959155073	0.7742779107127375	0.9941107184923439		0.10140498995318427	5.684341886080802e-14
D_two_dup_symmetric	4	naive	0.9523421928039457	0.9177657567871573	0.2395657739853882	0.8650325783431585			0.3750990241078855		0.5		0.10140498995318427	2.2737367544323206e-13
D_two_dup_symmetric	5	cadet_pi_on	0.9368872731327911	0.8887088512531317	0.2816704953619238	0.8539850560398505	0.44234289913093877	0.5432043758249525	0.22183064976943007	0.5980094904365333	0.9892851583444315	0.17568232120117128	0.24583707936830695	1.1368683772161603e-13
D_two_dup_symmetric	5	cadet_pi_off	0.9528220225101851	0.9189220891526431	0.23500320726322235	0.8776463262764632	0.4641673782057838	0.612890721660092	0.20319937723126713	0.687121625326425	0.9957235761108325		0.0906693632572099	1.1368683772161603e-13
D_two_dup_symmetric	5	naive	0.9528262119922414	0.9189289873288192	0.2350033097846828	0.8776463262764632			0.239720990132036		0.5		0.0906693632572099	1.1368683772161603e-13
D_two_dup_symmetric	6	cadet_pi_on	0.9432656148194307	0.9016340885724027	0.2711250458758583	0.8635658914728682	0.5065721205436944	0.6970139276615476	0.23684738367616218	0.8003555662618037	0.9860625427984478	0.2559436585964248	0.2230135937279041	2.2737367544323206e-13
D_two_dup_symmetric	6	cadet_pi_off	0.9551045733339198	0.9236305293156679	0.2329554639943782	0.8703875968992248	0.5103335504370511	0.7157382609739997	0.22888174033653738	0.8205677413846691	0.9941908240127825		0.1069258577562575	1.1368683772161603e-13
D_two_dup_symmetric	6	naive	0.9551000892700274	0.9236257235382056	0.23295575766678095	0.8703875968992248			0.3258456896583794		0.5		0.1069258577562575	5.684341886080802e-14
D_two_dup_symmetric	7	cadet_pi_on	0.9312119793018778	0.8808030463537436	0.2953224851926898	0.8376014990630856	0.553989957231432	0.6739388805667622	0.264974569929127	0.6734496407990395	0.9897191478960916	0.11422783038062573	0.27056455595277046	2.2737367544323206e-13
D_two_dup_symmetric	7	cadet_pi_off	0.9546019814047515	0.9232504075459869	0.23416999723090934	0.8707058088694566	0.5922664493039911	0.7527168628842676	0.23286408902771677	0.8157097500118262	0.9959384523727687		0.09195941230781665	2.2737367544323206e-13
D_two_dup_symmetric	7	naive	0.9546088025611421	0.9232629160849802	0.23416954750234528	0.8707058088694566			0.3508733435792275		0.5		0.09195941230781665	1.1368683772161603e-13
D_two_dup_symmetric	8	cadet_pi_on	0.9354719072242161	0.8858606239195164	0.2871108591025996	0.8448383084577115	0.5679215374041551	0.7251868018808756	0.24152165417097407	0.8376448374807794	0.9890132547864506	0.05808144559361402	0.25133450512364075	1.1368683772161603e-13
D_two_dup_symmetric	8	cadet_pi_off	0.9516823977237483	0.9167058138296554	0.23927799498636368	0.8759328358208955	0.5567489410139217	0.7288329554254874	0.23662770976557654	0.8306236429179965	0.9948895434462445		0.1099039191049753	1.1368683772161603e-13
D_two_dup_symmetric	8	naive	0.9516695891791174	0.9166818089873873	0.23927864983787306	0.8759328358208955			0.34413057928454543		0.5		0.1099039191049753	1.1368683772161603e-13
D_two_dup_symmetric	9	cadet_pi_on	0.9382192592305151	0.8906861645356452	0.27842973282437106	0.8472135253600501	0.49905461691652303	0.6798048878558128	0.2459291793874693	0.5291298250694919	0.9933188043841369	-0.23628782153813763	0.23967323223241588	1.1368683772161603e-13
D_two_dup_symmetric	9	cadet_pi_off	0.9557594880571484	0.9236745539742959	0.2271093104131033	0.8847839699436444	0.5086465694109507	0.7193751656372478	0.22949960077010603	0.6665723623445028	0.9946709511159187		0.058277340106600135	1.1368683772161603e-13
D_two_dup_symmetric	9	naive	0.9557512134385229	0.9236598532630171	0.2271096822797184	0.8847839699436444			0.3283534107609713		0.5		0.058277340106600135	1.1368683772161603e-13
D_two_dup_symmetric	10	cadet_pi_on	0.9345208864078514	0.882075504552968	0.29035528748039907	0.8418430884184309	0.5170566506214288	0.5541471451426504	0.2403594548891058	0.49601498746371414	0.9831659711354547	-0.15959401306488655	0.2594503829726939	1.1368683772161603e-13
D_two_dup_symmetric	10	cadet_pi_off	0.9535806557502476	0.9187233057486373	0.2358045505627961	0.8779576587795765	0.5377371946993823	0.6308404820820397	0.2164362119056341	0.6451680999995347	0.9944574856546687		0.07920322189172546	1.1368683772161603e-13
D_two_dup_symmetric	10	naive	0.953588135232242	0.918736986017521	0.23580404225579443	0.8779576587795765			0.271553989641963		0.5		0.07920322189172546	1.1368683772161603e-13
D_two_dup_symmetric	11	cadet_pi_on	0.9394518590231951	0.8930608489523804	0.2780921952702392	0.8564771668219944	0.4748280039672509	0.683467907532515	0.25055660567577887	0.7276055531459414	0.9807341855129466	0.3593940493009465	0.2264598982993317	1.1368683772161603e-13
D_two_dup_symmetric	11	cadet_pi_off	0.952404245498423	0.9179416731858094	0.2392217423501965	0.8586517552034794	0.4850752606868089	0.7179498986420864	0.2372815934137952	0.763986471750861	0.9863815142576204		0.09726793030217853	5.684341886080802e-14
D_two_dup_symmetric	11	naive	0.9524040699718671	0.9179425928522943	0.23922145698165498	0.8586517552034794			0.34032194316978137		0.5		0.09726793030217853	1.1368683772161603e-13
D_two_dup_symmetric	12	cadet_pi_on	0.9424768238970165	0.8980018642547776	0.2735376251122428	0.8566061365059486	0.46913856090485845	0.6592612672270448	0.24667759123315133	0.7712617095662383	0.990456019945846	0.38296082263618003	0.22195713366682598	1.1368683772161603e-13
D_two_dup_symmetric	12	cadet_pi_off	0.9568323135081563	0.9250361807846613	0.22819445778880335	0.8725735754539762	0.46981573364927254	0.6808987128261156	0.23759243229381988	0.7992801041809634	0.9952280099729229		0.07771766698068282	1.1368683772161603e-13
D_two_dup_symmetric	12	naive	0.9568209235669377	0.9250150885905323	0.22819588861947812	0.8725735754539762			0.3229027343691837		0.5		0.07771766698068282	1.1368683772161603e-13
D_two_dup_symmetric	13	cadet_pi_on	0.9410689705552623	0.896808551373027	0.2778772938889447	0.8591331269349846	0.4882886068032376	0.6524217409187159	0.24867275744502226	0.6656927773683667	0.9841959843362106	0.359469742719699	0.21566410791625887	1.1368683772161603e-13
D_two_dup_symmetric	13	cadet_pi_off	0.9529372846536059	0.9192485786796826	0.24177306570460658	0.8628482972136223	0.4898567742138976	0.6681418321400413	0.24183101156913162	0.7131807251572322	0.9944195153365949		0.0943165329629587	1.1368683772161603e-13
D_two_dup_symmetric	13	naive	0.9529385526559551	0.91925124150476	0.24177351793291735	0.8628482972136223			0.32212236762665475		0.5		0.0943165329629587	1.1368683772161603e-13
D_two_dup_symmetric	14	cadet_pi_on	0.9404541791282258	0.8955683748783333	0.2701982621220614	0.866124491710979	0.519706275681246	0.6852532263581574	0.22560338331758242	0.691378577395044	0.9891443167305236	0.2960917121888706	0.22054176205855702	5.684341886080802e-14
D_two_dup_symmetric	14	cadet_pi_off	0.953825234524269	0.9210338233497687	0.2268343131756269	0.8892711917422583	0.5260589480803937	0.7120898760127342	0.21455366509314802	0.7482104699827453	0.9972632731253421		0.08274832569709313	1.1368683772161603e-13
D_two_dup_symmetric	14	naive	0.9538261642610193	0.9210361227150496	0.22683350238961528	0.8892711917422583			0.3018797993956107		0.5		0.08274832569709313	1.1368683772161603e-13
D_two_dup_symmetric	15	cadet_pi_on	0.94049232314057	0.895157961695422	0.2760862688210084	0.853939582684522	0.4636668990955912	0.6382617067376648	0.24395416701829073	0.7028374780136372	0.9912431826829577	0.5111331016297905	0.2273549183662039	1.1368683772161603e-13
D_two_dup_symmetric	15	cadet_pi_off	0.9544690940590785	0.9216499600373125	0.23519175025786698	0.8470881345375273	0.4840404880839471	0.6883754634740832	0.2267336203096688	0.7694845161248133	0.9937111571470849		0.09948305816077957	1.1368683772161603e-13
D_two_dup_symmetric	15	naive	0.9544679542764912	0.921647039468344	0.23519197077009993	0.8470881345375273			0.30788266638933753		0.5		0.09948305816077957	1.1368683772161603e-13
D_two_dup_symmetric	16	cadet_pi_on	0.9337160734924301	0.8812824219229599	0.28752775967074606	0.8488188976377953	0.4703695029057212	0.6246946482422748	0.23189743701596824	0.619286293732738	0.9952524956914772	-0.13332597589320885	0.2586571170633911	1.1368683772161603e-13
D_two_dup_symmetric	16	cadet_pi_off	0.9533896904895502	0.9188737006468438	0.2302966080163848	0.8869291338582678	0.48037578988037727	0.6674815392025	0.21587963971117266	0.6964808479910485	0.9997073456248171		0.0896794904330587	5.684341886080802e-14
D_two_dup_symmetric	16	naive	0.953385391564884	0.9188654084462129	0.23029712284841125	0.8869291338582678			0.284953664425964		0.5		0.0896794904330587	5.684341886080802e-14
D_two_dup_symmetric	17	cadet_pi_on	0.9397519861674188	0.8914973890619602	0.2781136367251002	0.855054432348367	0.5360294405087558	0.6911696085121113	0.2377284871126901	0.789638930358156	0.9973661106233538	0.27496382318067825	0.23847245042958085	1.1368683772161603e-13
D_two_dup_symmetric	17	cadet_pi_off	0.9538489083145378	0.9186472509523144	0.23535838991789254	0.8727838258164852	0.5497182924505879	0.7236425094771969	0.2254548584188328	0.805475612680853	0.9994634669788314		0.10929446741637143	2.2737367544323206e-13
D_two_dup_symmetric	17	naive	0.953846520744952	0.9186431990760723	0.23535827520305894	0.8727838258164852			0.3238940413146919		0.5		0.10929446741637143	2.2737367544323206e-13
D_two_dup_symmetric	18	cadet_pi_on	0.9374541124018377	0.8904701127484946	0.2819371278576259	0.858431860609832	0.46891130938520986	0.6075259749347238	0.23837222307858527	0.6520781983548606	0.9846429136065079	0.28655894027342044	0.2438216476266782	1.1368683772161603e-13
D_two_dup_symmetric	18	cadet_pi_off	0.9538062147134466	0.9211448428501646	0.23499635055590432	0.8677660236465463	0.4902513754953942	0.6704795770975693	0.217009018562911	0.7400569241458144	0.9955804360636418		0.08444060915237835	1.1368683772161603e-13
D_two_dup_symmetric	18	naive	0.9538098675438116	0.9211513446654543	0.2349961248641215	0.8677660236465463			0.2846342194246817		0.5		0.08444060915237835	5.684341886080802e-14
D_two_dup_symmetric	19	cadet_pi_on	0.9414328884233668	0.8942232486139107	0.2746326411504407	0.8760951188986232	0.48958529372905907	0.574494065643904	0.2268033652560167	0.5322552642046411	0.9704789915966386	0.6350026335143494	0.21842032776140666	1.1368683772161603e-13
D_two_dup_symmetric	19	cadet_pi_off	0.954466842316472	0.9195970527329493	0.23618460170910477	0.863892365456821	0.4947027000513146	0.6022381324776696	0.21445940331226507	0.5936225594346112	0.9914789915966387		0.0962129793471969	1.1368683772161603e-13
D_two_dup_symmetric	19	naive	0.9544624053246689	0.9195891081385548	0.23618506372169432	0.863892365456821			0.2550598691010486		0.5		0.0962129793471969	5.684341886080802e-14
E_two_dup_asymmetric	0	cadet_pi_on	0.9285873522701011	0.8833915342541995	0.3142336642705597	0.8381679389312977	0.4804546962630394	0.6819477124841239	0.2855848860942001	0.7528898417000109	0.9704886785632127	0.8090941178761286	0.3036921839435979	1.1368683772161603e-13
E_two_dup_asymmetric	0	cadet_pi_off	0.8768730603127036	0.7956681408879681	0.4325094177710091	0.743206106870229	0.47905054826201615	0.6428262343763761	0.306228927550102	0.7409860278198952	0.964170692431562		0.5064327699779697	1.1368683772161603e-13
E_two_dup_asymmetric	0	naive	0.8767748932443247	0.795511007025768	0.4325140202301084	0.743206106870229			0.3898812051684712		0.5		0.5064327699779697	1.1368683772161603e-13
E_two_dup_asymmetric	1	cadet_pi_on	0.9249145141403463	0.876217188473503	0.3200836853866247	0.8359901900674432	0.44056182801013527	0.5523061194896441	0.26823928394026303	0.6252304849211683	0.9886896902788603	0.743532579581634	0.3053353913218749	1.1368683772161603e-13
E_two_dup_asymmetric	1	cadet_pi_off	0.8877790900419327	0.8136492778004	0.40167585731439814	0.7633353770692827	0.4389053844856012	0.5266811869737824	0.28588581870934465	0.6526683038243918	0.9852099008955983		0.4564292620200119	1.1368683772161603e-13
E_two_dup_asymmetric	1	naive	0.8876933138619578	0.8135073685602807	0.4016791418482933	0.7633353770692827			0.3072335125622373		0.5		0.4564292620200119	1.1368683772161603e-13
E_two_dup_asymmetric	2	cadet_pi_on	0.9206059851451273	0.8693753833103111	0.33273806629300545	0.8250460405156538	0.4646995884707513	0.6111980972657663	0.2526781352309041	0.676373564134106	0.9515243004418262	0.7449004863726623	0.33244332776300106	1.1368683772161603e-13
E_two_dup_asymmetric	2	cadet_pi_off	0.8777653683831066	0.7965967786215207	0.4247873443011499	0.7676488643339472	0.4694437526877601	0.5996446763655833	0.26672592698569836	0.6788832116353702	0.9308468335787924		0.4975631922093137	1.1368683772161603e-13
E_two_dup_asymmetric	2	naive	0.8776155589008047	0.7963498502243762	0.42479486323750876	0.7676488643339472			0.2999183617047563		0.5		0.4975631922093137	5.684341886080802e-14
E_two_dup_asymmetric	3	cadet_pi_on	0.9336661305082632	0.8883386909642077	0.3029843812792386	0.8461302211302212	0.47343991379486056	0.6354847047523525	0.23843110528599157	0.6708196551895891	0.9896616541353384	0.8429858573908583	0.27909229956607157	1.1368683772161603e-13
E_two_dup_asymmetric	3	cadet_pi_off	0.8776346086701801	0.7908081939282152	0.4421034409993072	0.7392506142506142	0.47249839035662483	0.59602772077085	0.2642982705559264	0.5899103595129167	0.9998459262911377		0.5143081310275088	1.1368683772161603e-13
E_two_dup_asymmetric	3	naive	0.8775326511270022	0.7906409990531921	0.44210986024164833	0.7392506142506142			0.29847103039613887		0.5		0.5143081310275088	5.684341886080802e-14
E_two_dup_asymmetric	4	cadet_pi_on	0.9353822359069104	0.8958607087827462	0.2998312143465295	0.8481051344743277	0.5052047804699833	0.675784752495654	0.26058559283941135	0.657817078975466	0.9378905225106163	0.8499956374972196	0.28508807217480564	2.2737367544323206e-13
E_two_dup_asymmetric	4	cadet_pi_off	0.8672721263872919	0.7815916589532778	0.4564359024600017	0.7139364303178484	0.48804965114732934	0.6046039084442364	0.2974744777148505	0.6293256984394552	0.9333548738181077		0.5360746051036612	2.2737367544323206e-13
E_two_dup_asymmetric	4	naive	0.8671516959198404	0.7814118294008124	0.45644323921262736	0.7139364303178484			0.35002256912964785		0.5		0.5360746051036612	2.2737367544323206e-13
E_two_dup_asymmetric	5	cadet_pi_on	0.9286646690154456	0.8805453212859766	0.30790043897036606	0.8420891875381796	0.45244087791509374	0.46591711419435244	0.231374701146989	0.5867198414790981	0.9907259065369949	0.7662479737704497	0.3090155369471412	1.1368683772161603e-13
E_two_dup_asymmetric	5	cadet_pi_off	0.8870081678342168	0.8086256581318451	0.40729122578894505	0.7602321319486867	0.4489870370373931	0.4464375899721776	0.2519685035120438	0.5645847708946558	0.9922941534851186		0.4799667095405181	1.1368683772161603e-13
E_two_dup_asymmetric	5	naive	0.8869287500731298	0.8084999457633627	0.40729739353032585	0.7602321319486867			0.22498191523542646		0.5		0.4799667095405181	1.1368683772161603e-13
E_two_dup_asymmetric	6	cadet_pi_on	0.9262763318810798	0.8773324337418986	0.3133464137952749	0.8388087196806877	0.5365799141459792	0.6781278710410285	0.2465283901172176	0.7876813302861554	0.990203921238404	0.7494703612872681	0.3009084330605691	2.2737367544323206e-13
E_two_dup_asymmetric	6	cadet_pi_off	0.8891105703067088	0.8134137926076341	0.39329253899358424	0.7810868897758674	0.5144465777138562	0.6202605998058709	0.27097924667709056	0.7350306669906466	0.9872707114086424		0.4538489877727962	1.1368683772161603e-13
E_two_dup_asymmetric	6	naive	0.8890193227874027	0.8132647416076568	0.39329818892802265	0.7810868897758674			0.32077282495257203		0.5		0.4538489877727962	1.1368683772161603e-13
E_two_dup_asymmetric	7	cadet_pi_on	0.9212270856325574	0.8697448695659318	0.3265025607798256	0.8251382913337431	0.49856971136043793	0.6167472343031414	0.26632848255752606	0.6338030871393511	0.9021876614469208	0.745758638266298	0.34066658646652853	5.684341886080802e-14
E_two_dup_asymmetric	7	cadet_pi_off	0.8755055578720091	0.791271542859357	0.430205652277722	0.7464658881376767	0.5164590417937096	0.6277410042655523	0.2734514688284541	0.6971772923644604	0.8334535834535834		0.5081663399803826	1.1368683772161603e-13
E_two_dup_asymmetric	7	naive	0.8753967156564076	0.791094789240444	0.4302115263283099	0.7464658881376767			0.3278867146030552		0.5		0.5081663399803826	1.1368683772161603e-13
E_two_dup_asymmetric	8	cadet_pi_on	0.9311292770786884	0.8896047929561207	0.30450183707416606	0.841626213592233	0.535093915728169	0.6873748572915129	0.25941834023346017	0.7611366842667568	0.9424014372254538	0.8762932299761242	0.2753120233405156	1.1368683772161603e-13
E_two_dup_asymmetric	8	cadet_pi_off	0.8548322478252967	0.7617128795075059	0.46821240617594845	0.7117718446601942	0.4976879058606085	0.5918029688915504	0.3019335180914121	0.7022051798116169	0.9233461500542246		0.555082020217627	2.2737367544323206e-13
E_two_dup_asymmetric	8	naive	0.8546880424373277	0.7614814866193932	0.4682194010798568	0.7117718446601942			0.35106654589470754		0.5		0.555082020217627	2.2737367544323206e-13
E_two_dup_asymmetric	9	cadet_pi_on	0.9380188041521538	0.9001934258372165	0.2927843620112512	0.8518292682926829	0.5313601893177355	0.6587995090614277	0.23995977127148013	0.7412237888578559	0.9682725166973087	0.8705818692323222	0.2633017563409065	1.1368683772161603e-13
E_two_dup_asymmetric	9	cadet_pi_off	0.8763820550438639	0.7963663703806485	0.4382844422781007	0.7420731707317073	0.5164453473873047	0.5967904636580791	0.2741575124508709	0.700919048242467	0.9464543537648147		0.51571585914307	1.1368683772161603e-13
E_two_dup_asymmetric	9	naive	0.8762498543426014	0.7961485075576505	0.438290404256666	0.7420731707317073			0.30772221280315815		0.5		0.51571585914307	1.1368683772161603e-13
E_two_dup_asymmetric	10	cadet_pi_on	0.9182276840730147	0.8611420134050444	0.3438220404776283	0.8165390505359877	0.5340168113472096	0.551198977441367	0.24652464101989074	0.4242355362231845	0.9368479394887845	0.5977337822593688	0.3758751927019012	1.1368683772161603e-13
E_two_dup_asymmetric	10	cadet_pi_off	0.8940322291898808	0.8191731955458545	0.4027034973584473	0.7889739663093415	0.5402840194531107	0.5650072272720907	0.25005149045241587	0.47464844938916917	0.9103525473830638		0.46829806631210674	1.1368683772161603e-13
E_two_dup_asymmetric	10	naive	0.8940003138602194	0.8191276029416137	0.40270682413041947	0.7889739663093415			0.271553989641963		0.5		0.46829806631210674	1.1368683772161603e-13
E_two_dup_asymmetric	11	cadet_pi_on	0.9350189772184443	0.8938070828901397	0.30214938033693134	0.8509923664122138	0.4730234519674027	0.6596332559942361	0.25862099652761206	0.6489773607093315	0.9167879383808587	0.8564667802223467	0.2746561144503652	1.1368683772161603e-13
E_two_dup_asymmetric	11	cadet_pi_off	0.8687535597842777	0.7811916997774192	0.45190866205529506	0.7181679389312977	0.457233416889575	0.594198167147961	0.2891315413813838	0.5905416103435376	0.8817502458210423		0.527221185068729	1.1368683772161603e-13
E_two_dup_asymmetric	11	naive	0.8686029742409571	0.7809440658335173	0.4519152242546195	0.7181679389312977			0.34032194316978137		0.5		0.527221185068729	1.1368683772161603e-13
E_two_dup_asymmetric	12	cadet_pi_on	0.9362889243720636	0.8958543165387116	0.28938009284082367	0.8511485451761103	0.4819739153196313	0.6679718838748087	0.2454231399173882	0.7870159031768416	0.9937066030401329	0.8189265279968935	0.26228685209012714	1.1368683772161603e-13
E_two_dup_asymmetric	12	cadet_pi_off	0.8886435524889886	0.8150430661854663	0.3968188951231756	0.7598774885145483	0.47578675156058214	0.628386133109608	0.26627878891918666	0.7440961788810998	0.9919740757620439		0.4556942119608089	1.1368683772161603e-13
E_two_dup_asymmetric	12	naive	0.8885280591489577	0.8148523054061383	0.39682510453264563	0.7598774885145483			0.3229027343691837		0.5		0.4556942119608089	1.1368683772161603e-13
E_two_dup_asymmetric	13	cadet_pi_on	0.9140298785252865	0.8557422258002523	0.34472858282516106	0.8084584737971192	0.5109116784258112	0.6561685226986465	0.26967588480731647	0.7089448595577535	0.9701301036252492	0.6696173824124357	0.35996342765798095	1.1368683772161603e-13
E_two_dup_asymmetric	13	cadet_pi_off	0.8825500600338292	0.8013896369693709	0.41179524323051236	0.7692307692307693	0.5272459714111429	0.6679498614148712	0.271740687741817	0.7337934904651293	0.9619128174953417		0.48452965133234976	5.684341886080802e-14
E_two_dup_asymmetric	13	naive	0.8824166337312933	0.8011647979171045	0.41180104473345314	0.7692307692307693			0.3485802826558378		0.5		0.48452965133234976	1.1368683772161603e-13
E_two_dup_asymmetric	14	cadet_pi_on	0.9300723492117461	0.8857380865957617	0.30843848198936535	0.8412017167381974	0.5265798213137237	0.6675742757721003	0.23392773337809097	0.6548532578212225	0.9835585870068628	0.7749903380343374	0.29973481057939816	1.1368683772161603e-13
E_two_dup_asymmetric	14	cadet_pi_off	0.8847084533074964	0.8089173331914411	0.40516572881555457	0.7884733292458614	0.5188432113651408	0.6253067358569739	0.25885388573307055	0.6283217054819318	0.9868496765048489		0.4733476045629106	2.2737367544323206e-13
E_two_dup_asymmetric	14	naive	0.8846119952457606	0.8087631122882608	0.40517064918012363	0.7884733292458614			0.3018797993956107		0.5		0.4733476045629106	1.1368683772161603e-13
E_two_dup_asymmetric	15	cadet_pi_on	0.9197708172316607	0.8695769887922312	0.333309522445101	0.8264965056213917	0.4344955242982813	0.5930437850938669	0.2538748589918506	0.6315413616596307	0.988723073399472	0.7193135971002239	0.34578786923830346	1.1368683772161603e-13
E_two_dup_asymmetric	15	cadet_pi_off	0.8792239465684283	0.8018607915855132	0.4252297414677638	0.7587359465208143	0.4309941405314675	0.562302578750428	0.27253617674630365	0.6441869718940679	0.986239859204166		0.4975491636210182	1.1368683772161603e-13
E_two_dup_asymmetric	15	naive	0.8791061679793221	0.8016719797415871	0.4252349868814424	0.7587359465208143			0.29969162303781005		0.5		0.4975491636210182	5.684341886080802e-14
E_two_dup_asymmetric	16	cadet_pi_on	0.9257454423449892	0.8775095861072577	0.32132705469135037	0.8292832974469394	0.5117912082354635	0.6275287565484545	0.234175540395308	0.701510799452047	0.9904101957752564	0.7197689737138989	0.309016618292661	1.1368683772161603e-13
E_two_dup_asymmetric	16	cadet_pi_off	0.8907211995942619	0.8180820319898509	0.3955664207533376	0.7656105813595817	0.5050315828894948	0.6015087783254597	0.24671487058692165	0.6665370380030223	0.9855442370222152		0.4448863548686622	1.1368683772161603e-13
E_two_dup_asymmetric	16	naive	0.8906252817521564	0.8179241935985367	0.3955711637263689	0.7656105813595817			0.28131891489149885		0.5		0.4448863548686622	1.1368683772161603e-13
E_two_dup_asymmetric	17	cadet_pi_on	0.9274059611656585	0.8785734283196757	0.3179103590397183	0.8236923076923077	0.4951332110033442	0.6355198500902248	0.27409298305979213	0.7329706520042836	0.9441348796472472	0.6790368334789755	0.3282734167185554	1.1368683772161603e-13
E_two_dup_asymmetric	17	cadet_pi_off	0.8943193785598513	0.8219406404202013	0.38985149714762374	0.772	0.4945043243913945	0.6171911960616016	0.28449921950050283	0.7418802825925807	0.8969111473528435		0.44485355999173387	1.1368683772161603e-13
E_two_dup_asymmetric	17	naive	0.8942572905915136	0.8218414260974829	0.3898550602070838	0.772			0.3490159328127437		0.5		0.44485355999173387	1.1368683772161603e-13
E_two_dup_asymmetric	18	cadet_pi_on	0.9330356632597038	0.8895750483224366	0.30144266139288656	0.8431372549019608	0.45396321008397555	0.5817792989683711	0.24374901900636373	0.666076505154685	0.9798712218118056	0.7645157698479559	0.29562279282314796	1.1368683772161603e-13
E_two_dup_asymmetric	18	cadet_pi_off	0.8914484232366822	0.8189604403397354	0.39937299500198903	0.765625	0.4594350389571187	0.5717773868364208	0.256150408594132	0.6637185844914414	0.9814270520430602		0.4586106151623865	1.1368683772161603e-13
E_two_dup_asymmetric	18	naive	0.8913453441399581	0.8187903312812311	0.39937874380809907	0.765625			0.2846342194246817		0.5		0.4586106151623865	1.1368683772161603e-13
E_two_dup_asymmetric	19	cadet_pi_on	0.8996549578865017	0.8380762552938592	0.3743142673510371	0.8039755351681958	0.4600237929130243	0.5459609171572605	0.2549811238668604	0.5922307396699334	0.8587612639881004	0.7429369038916458	0.4116695549137428	1.1368683772161603e-13
E_two_dup_asymmetric	19	cadet_pi_off	0.8414607476449533	0.7391491609366252	0.49791900357850033	0.7113149847094801	0.4393451877672849	0.48577126293084105	0.28185305962708723	0.5535656246947758	0.8469048895653527		0.590601039277763	1.1368683772161603e-13
E_two_dup_asymmetric	19	naive	0.8413276931862287	0.7389400650569541	0.4979251005408779	0.7113149847094801			0.27027749547940466		0.5		0.590601039277763	1.1368683772161603e-13
