scenario	mode	x_pearson_log_mean	x_pearson_log_std	dup_x_pearson_log_mean	dup_x_pearson_log_std	family_l1_mean_mean	family_l1_mean_std	dominant_pair_acc_mean	dominant_pair_acc_std	alpha_r_all_mean	alpha_r_all_std	alpha_r_ambig_mean	alpha_r_ambig_std	alpha_rmse_ambig_mean	alpha_rmse_ambig_std	alpha_r_ambig_highsupp_mean	alpha_r_ambig_highsupp_std	alpha_auroc_ambig_mean	alpha_auroc_ambig_std	pi_pearson_dup_mean	pi_pearson_dup_std	pi_rmse_dup_mean	pi_rmse_dup_std	recollapse_err_mean	recollapse_err_std
A_no_dup	cadet_pi_on	1.0	6.73879817133387e-17							0.4813029085360875	0.02341640459579968													0.0	0.0
A_no_dup	cadet_pi_off	1.0	6.73879817133387e-17							0.4813029085360875	0.02341640459579968													0.0	0.0
A_no_dup	naive	1.0	6.73879817133387e-17																					0.0	0.0
B_one_dup_symmetric	cadet_pi_on	0.977123707170177	0.0011365427812154987	0.9289807709891671	0.003706906410053195	0.20680054196057251	0.005963328859974882	0.8732064851647927	0.008611940742458444	0.5412381273312816	0.032579701983955635	0.7524277211926624	0.062416072328656425	0.23495720597608494	0.028498028304827016	0.7520800869851241	0.05707305185465023	0.9946423968036427	0.008101233674881551	0.5483974337319526	0.2633470952285798	0.08152224917745118	0.014856316575334393	9.521272659185343e-14	2.9558290137096535e-14
B_one_dup_symmetric	cadet_pi_off	0.9768327397157904	0.0012079228944175907	0.9280276524504767	0.003967659020052617	0.20856534742059427	0.006606954650059107	0.8599770598961282	0.008273478944248538	0.5425228059776922	0.03248529190841733	0.7544655583871451	0.062267674616330565	0.23407587767556448	0.028316130323268626	0.7549816892034654	0.06189998660807782	0.9952426891217309	0.008077059079317437			0.09151161427595883	0.018529297906625195	8.526512829121202e-14	2.9160058604848984e-14
B_one_dup_symmetric	naive	0.9768393773097259	0.0012047283827539106	0.9280552471776187	0.003946902595121415	0.20856533694530355	0.006606988342952364	0.8599770598961282	0.008273478944248538					0.3577314056732389	0.07011777606638454			0.5	0.0			0.09151161427595883	0.018529297906625195	7.744915819785092e-14	3.5557041790596334e-14
C_one_dup_asymmetric	cadet_pi_on	0.9395351140570126	0.012530642393963093	0.8327873231780872	0.026337803170661152	0.35261812286651156	0.03784221742538193	0.8020882688973103	0.020712535815490582	0.512637660098023	0.035002358988201115	0.6446751771910486	0.11797676441710393	0.2689924808825478	0.038668500074368214	0.6094027652910424	0.19023042615027239	0.9576576163024926	0.07661354589345797	0.9019577163222159	0.035988483399997856	0.39718925199369287	0.0535551037853365	1.1795009413617664e-13	6.272802388124782e-14
C_one_dup_asymmetric	cadet_pi_off	0.9251183797334299	0.016406842359828134	0.788816156898966	0.035321844660056494	0.40574054646279817	0.049399981639151325	0.7349652829112119	0.036898438472141394	0.5092385693893173	0.036532610862844456	0.6219185528469058	0.11402921249095961	0.2803753756465807	0.04049204434656089	0.5859940409809401	0.18599573107636336	0.9509717677910684	0.08233439866908007			0.4866810873494618	0.06431892977635059	9.947598300641403e-14	5.175396995584412e-14
C_one_dup_asymmetric	naive	0.9250445432724781	0.016450585964789197	0.7886328267124798	0.03542156757611008	0.4057475381868736	0.04940260197612998	0.7349652829112119	0.036898438472141394					0.3519273038375917	0.09164511037143243			0.5	0.0			0.4866810873494618	0.06431892977635059	8.810729923425243e-14	5.879205862624979e-14
D_two_dup_symmetric	cadet_pi_on	0.9381245548539523	0.003405860888771312	0.8910373146403676	0.006533793459978005	0.2811342015641555	0.00757215891636128	0.8534597042013047	0.00961910634837885	0.4964958506800555	0.03543395419249178	0.652356504833578	0.05257419469464824	0.24485803620113625	0.014318081653334298	0.6778666564038281	0.09874626360585126	0.9840306115124813	0.010689575520823764	0.21982337525706255	0.2272583810741399	0.2386330349290023	0.016693465222736494	1.2221335055073723e-13	3.813172459387812e-14
D_two_dup_symmetric	cadet_pi_off	0.9537175543879437	0.001292278679697686	0.9204532789604272	0.0025122514800018196	0.23505331725286607	0.004348558407145762	0.8694189850477002	0.010755145034928635	0.5085554841210893	0.03495018387280024	0.6925969272709487	0.04231583547990821	0.22988967631894308	0.014697029730949959	0.7471316898303739	0.06451459512578125	0.9947296873245154	0.002755195997729192			0.0927718152692322	0.012337024013670093	1.1368683772161603e-13	4.517456854040496e-14
D_two_dup_symmetric	naive	0.9537154113077742	0.0012913648014804668	0.9204496965484316	0.0025117182924511397	0.23505346499607738	0.004348498848679714	0.8694189850477002	0.010755145034928635					0.3169730842226611	0.038504415655567927			0.5	0.0			0.0927718152692322	0.012337024013670093	1.1084466677857563e-13	4.692867307095961e-14
E_two_dup_asymmetric	cadet_pi_on	0.9263861520509872	0.009099991518717085	0.8788099690618741	0.01526815856332365	0.31758645337984226	0.02056533858799486	0.8343928129523446	0.014047543094608914	0.49001590201920264	0.033184789572743505	0.622503374800917	0.05850933986942138	0.25320873048439585	0.01473231209237908	0.6721026166189236	0.08373877796489612	0.9597489047619353	0.03612245544834724	0.7671083820104523	0.07277673293236563	0.31288711301955974	0.039073838019671	1.2221335055073723e-13	3.813172459387812e-14
E_two_dup_asymmetric	cadet_pi_off	0.879301220154298	0.013368533957218586	0.7987706145309925	0.020929263411589367	0.4235564956446183	0.0289175339341051	0.7533508661458874	0.02445119322857931	0.48453386409742577	0.03232669040561204	0.5886107840615157	0.052503977064713735	0.2735456900179307	0.0169873147391463	0.6566490247886316	0.07370264412016517	0.946305686366778	0.050410456857670004			0.4934589664575664	0.03916231413883077	1.2789769243681803e-13	4.4701523373592476e-14
E_two_dup_asymmetric	naive	0.8791936276113583	0.013388349518159495	0.7985965202607682	0.020958481071103714	0.42356209704442505	0.02891820558421063	0.7533508661458874	0.02445119322857931					0.31240669136643434	0.03717361482867242			0.5	0.0			0.4934589664575664	0.03916231413883077	1.1652900866465642e-13	4.31529460067991e-14
